student_id,branch,cgpa,tenth_percentage,twelfth_percentage,backlogs,internships,projects,certifications,technical_skills,aptitude_score,communication_score,attendance,placed,company,package_lpa,placement_year
S0001,Mechanical,8.47,56.49,77.31,0,1,5,0,4,89.11,59.28,73.6,1,TCS,11.55,2026
S0002,Civil,6.36,80.06,89.64,0,1,1,2,4,61.98,42.25,67.15,0,Not Placed,0.0,2026
S0003,Electronics,7.95,97.8,89.73,4,1,3,4,4,76.09,95.07,83.4,0,Not Placed,0.0,2026
S0004,Civil,6.8,91.79,79.66,0,0,2,0,7,76.38,48.38,86.61,1,Capgemini,8.3,2024
S0005,Civil,5.46,77.42,59.51,0,1,0,5,1,61.9,73.11,88.51,0,Not Placed,0.0,2024
S0006,IT,9.59,57.74,88.83,0,1,3,5,5,94.27,56.44,95.28,1,Wipro,11.44,2025
S0007,Electronics,5.68,90.75,89.87,0,2,4,2,8,70.19,43.91,74.85,1,Accenture,11.49,2026
S0008,Electronics,9.75,80.76,58.85,0,1,1,0,7,67.89,43.0,63.01,1,Cognizant,10.14,2026
S0009,Electronics,7.23,59.94,83.18,1,0,4,1,2,99.85,46.93,98.33,0,Not Placed,0.0,2026
S0010,Civil,5.93,59.04,62.89,0,1,4,1,8,69.61,44.28,77.4,0,Not Placed,0.0,2025
S0011,Mechanical,7.71,94.11,86.12,0,0,5,1,6,50.7,85.63,84.93,0,Not Placed,0.0,2026
S0012,Electronics,9.36,83.78,94.88,1,2,2,1,6,70.78,69.13,86.65,1,Accenture,3.0,2026
S0013,Civil,8.66,90.66,51.35,0,1,5,5,7,88.84,60.57,81.86,1,Tech Mahindra,3.31,2024
S0014,IT,9.03,92.8,90.38,2,0,2,0,7,86.61,65.1,68.21,1,TCS,9.82,2026
S0015,Mechanical,8.29,79.59,78.02,2,3,3,3,5,87.31,95.74,90.21,1,Tech Mahindra,11.38,2025
S0016,IT,8.46,77.25,93.8,0,1,1,0,1,82.48,94.65,92.15,0,Not Placed,0.0,2025
S0017,Mechanical,9.25,73.51,70.93,1,0,0,2,7,55.25,82.94,82.12,0,Not Placed,0.0,2024
S0018,Civil,6.25,68.63,88.13,0,1,4,4,4,91.73,93.08,79.54,1,Wipro,6.62,2026
S0019,Computer,7.45,73.69,52.81,4,0,2,1,5,93.61,59.18,64.56,0,Not Placed,0.0,2026
S0020,Mechanical,6.11,88.28,65.09,0,2,2,0,2,51.65,62.87,63.36,0,Not Placed,0.0,2026
S0021,IT,9.94,80.88,53.02,4,2,1,2,4,47.83,76.82,73.58,1,Capgemini,5.09,2026
S0022,Civil,9.72,93.38,93.89,1,3,3,3,2,98.54,77.42,72.43,1,Deloitte,3.64,2025
S0023,Mechanical,5.2,74.07,86.76,0,1,0,2,3,92.1,68.9,98.15,0,Not Placed,0.0,2026
S0024,Computer,8.53,81.1,88.36,0,1,4,1,2,93.59,64.04,91.34,1,Deloitte,10.71,2025
S0025,Computer,9.63,82.15,92.21,4,2,1,1,4,93.18,99.17,86.4,0,Not Placed,0.0,2026
S0026,Electronics,5.9,80.44,53.83,2,0,1,5,3,72.5,89.27,80.71,1,Deloitte,7.31,2025
S0027,Electronics,7.84,85.21,67.35,0,1,2,4,4,78.78,66.1,66.69,1,TCS,8.17,2026
S0028,IT,9.58,65.21,53.2,1,1,3,2,6,72.72,83.64,99.14,1,Capgemini,4.96,2026
S0029,Mechanical,5.17,77.03,59.49,0,0,2,3,4,43.07,56.17,75.0,0,Not Placed,0.0,2026
S0030,Mechanical,8.49,59.48,60.32,0,1,2,2,3,84.73,46.01,64.28,1,Infosys,4.66,2026
S0031,Electronics,6.49,71.53,71.11,0,2,5,1,2,70.32,61.15,79.75,0,Not Placed,0.0,2025
S0032,Mechanical,9.62,75.97,62.09,0,2,3,0,6,78.86,64.18,94.96,1,Capgemini,11.3,2026
S0033,Mechanical,9.86,83.05,54.54,1,0,0,1,1,70.16,40.99,95.49,1,Wipro,7.27,2025
S0034,Computer,9.72,95.87,57.54,0,0,2,2,1,69.51,88.89,60.44,1,Infosys,6.27,2026
S0035,Electronics,7.37,80.83,56.63,1,0,4,0,8,50.31,61.55,95.45,0,Not Placed,0.0,2026
S0036,Civil,9.31,86.97,93.79,0,2,2,1,1,56.72,74.83,70.86,1,Capgemini,3.35,2024
S0037,Electronics,9.22,76.77,84.17,0,0,1,3,1,49.53,44.44,61.56,1,Tech Mahindra,6.06,2026
S0038,Civil,6.6,82.27,93.55,0,2,4,2,5,51.74,50.5,93.91,1,Cognizant,6.14,2026
S0039,Computer,9.14,58.05,69.79,0,0,3,2,1,98.38,93.38,94.55,1,Capgemini,9.41,2026
S0040,IT,5.19,65.94,62.53,0,1,3,4,3,49.19,76.52,83.85,0,Not Placed,0.0,2026
S0041,Mechanical,7.98,70.56,85.92,0,1,1,0,7,56.16,97.02,82.98,1,Accenture,9.34,2024
S0042,Computer,6.15,75.32,64.68,0,2,1,2,1,75.44,99.93,92.52,0,Not Placed,0.0,2025
S0043,Mechanical,5.6,56.96,63.47,0,0,3,3,4,76.61,62.31,91.45,0,Not Placed,0.0,2025
S0044,IT,5.38,61.02,60.46,0,1,2,2,7,49.24,57.93,95.6,0,Not Placed,0.0,2026
S0045,IT,8.48,66.9,55.84,0,0,3,1,1,87.62,91.5,82.11,1,Deloitte,7.24,2026
S0046,Computer,6.7,96.78,61.54,2,2,3,0,7,87.11,99.92,98.71,1,Cognizant,4.32,2025
S0047,IT,8.62,69.25,65.99,2,2,2,4,2,54.24,77.78,99.85,0,Not Placed,0.0,2026
S0048,Civil,5.33,75.73,80.33,0,0,5,2,3,57.32,87.71,64.66,0,Not Placed,0.0,2026
S0049,IT,6.58,63.43,52.82,0,2,4,4,3,96.28,86.9,93.98,1,TCS,3.55,2024
S0050,Mechanical,7.7,81.26,59.47,0,1,4,2,8,89.54,61.32,79.99,1,Infosys,4.99,2024
S0051,Mechanical,8.95,67.07,86.41,3,0,1,2,7,81.87,74.46,75.5,1,TCS,7.11,2025
S0052,Mechanical,6.59,63.9,56.61,0,1,1,3,8,44.93,89.98,84.52,0,Not Placed,0.0,2024
S0053,Mechanical,8.13,77.21,65.42,0,0,3,2,6,65.1,81.29,62.24,1,Accenture,8.56,2024
S0054,Civil,9.43,55.24,88.91,0,2,1,1,5,73.56,41.27,80.26,1,Tech Mahindra,6.46,2024
S0055,Electronics,8.08,55.33,56.97,0,2,5,2,4,51.24,60.2,94.84,0,Not Placed,0.0,2026
S0056,Computer,6.16,64.42,53.72,0,0,1,3,7,66.89,48.67,68.54,0,Not Placed,0.0,2025
S0057,Mechanical,5.12,56.58,71.8,1,1,3,1,3,76.06,53.98,77.06,0,Not Placed,0.0,2025
S0058,IT,9.35,59.65,63.61,0,2,2,1,8,59.64,94.33,97.58,1,Capgemini,4.38,2024
S0059,Mechanical,5.11,69.57,75.35,0,3,3,0,2,86.86,42.21,77.14,0,Not Placed,0.0,2025
S0060,IT,9.37,89.51,86.17,0,1,1,4,1,90.43,53.19,74.33,1,Accenture,8.99,2025
S0061,IT,7.64,79.6,56.17,0,3,2,0,3,59.42,58.57,77.62,1,Accenture,7.09,2024
S0062,Mechanical,9.7,77.04,76.13,2,1,2,2,2,90.32,77.01,80.78,1,Capgemini,3.14,2026
S0063,Civil,8.99,67.62,72.75,0,1,4,1,1,46.21,72.05,85.28,1,Capgemini,6.14,2026
S0064,IT,9.99,95.07,56.48,1,2,0,1,5,90.26,53.1,92.03,0,Not Placed,0.0,2025
S0065,IT,6.75,72.07,78.08,0,1,5,2,3,49.17,49.85,78.08,0,Not Placed,0.0,2026
S0066,Mechanical,8.84,58.74,62.31,0,1,4,0,8,44.98,54.21,92.7,1,Infosys,7.97,2025
S0067,IT,7.01,81.53,71.95,3,1,2,2,3,78.51,70.15,81.35,1,Tech Mahindra,9.29,2024
S0068,IT,7.4,59.9,53.7,0,2,4,3,7,68.32,56.27,73.54,1,Capgemini,4.63,2026
S0069,Mechanical,8.14,69.84,70.68,2,2,0,3,7,94.47,96.86,86.32,1,Wipro,8.91,2026
S0070,Mechanical,9.37,76.82,63.79,0,1,5,0,2,61.79,67.83,88.71,1,Cognizant,7.96,2026
S0071,Computer,9.92,92.59,87.01,2,0,3,4,8,57.23,43.53,82.32,1,Accenture,3.75,2025
S0072,Civil,8.84,76.22,52.56,0,1,2,2,6,70.04,83.76,62.26,1,Infosys,3.87,2026
S0073,Civil,7.09,85.2,68.84,0,1,2,4,7,67.36,59.73,66.8,1,TCS,9.46,2025
S0074,IT,7.11,97.69,70.63,1,0,1,2,4,60.67,79.21,71.41,0,Not Placed,0.0,2025
S0075,Civil,8.69,60.65,82.63,3,2,5,2,5,81.62,56.78,71.31,1,Capgemini,11.82,2025
S0076,IT,6.19,66.81,75.84,2,1,0,4,4,85.57,74.24,86.94,0,Not Placed,0.0,2026
S0077,Computer,5.55,71.97,80.02,1,0,3,4,3,91.18,86.33,60.73,0,Not Placed,0.0,2026
S0078,Mechanical,6.77,73.14,84.97,2,0,2,1,4,98.37,95.68,90.23,1,TCS,3.92,2025
S0079,Mechanical,6.44,72.67,88.8,0,0,5,1,1,56.0,55.67,70.61,0,Not Placed,0.0,2024
S0080,Mechanical,6.48,94.03,64.12,0,3,2,1,5,82.97,60.09,72.4,0,Not Placed,0.0,2026
S0081,Civil,6.17,85.7,74.21,0,0,3,1,4,63.66,67.86,81.12,0,Not Placed,0.0,2026
S0082,Computer,5.21,81.14,87.8,0,0,3,1,1,80.62,95.63,68.64,0,Not Placed,0.0,2024
S0083,Civil,5.09,68.3,94.53,0,1,4,1,2,68.56,94.08,95.38,0,Not Placed,0.0,2026
S0084,Civil,9.94,90.42,90.03,0,0,1,4,4,99.63,45.39,63.41,1,Accenture,8.78,2025
S0085,Computer,7.14,96.07,66.72,0,0,1,0,5,83.73,47.92,77.78,0,Not Placed,0.0,2026
S0086,Computer,6.92,90.31,58.78,1,0,2,2,1,97.15,69.73,93.98,0,Not Placed,0.0,2025
S0087,Computer,8.4,55.07,72.02,0,1,4,0,4,90.1,46.4,84.63,1,Capgemini,11.48,2025
S0088,Computer,6.09,82.37,83.37,0,1,1,1,2,94.17,60.73,71.69,0,Not Placed,0.0,2026
S0089,Mechanical,9.75,57.2,72.17,0,1,3,0,4,88.87,48.9,76.83,1,Cognizant,3.89,2026
S0090,Electronics,8.93,66.08,71.74,1,1,2,1,1,67.55,78.16,88.27,1,Tech Mahindra,8.65,2025
S0091,Electronics,5.45,57.56,87.72,1,3,4,3,4,55.11,96.97,98.93,0,Not Placed,0.0,2025
S0092,Computer,7.09,80.96,66.26,0,1,5,4,5,62.22,99.8,95.73,1,Deloitte,6.53,2024
S0093,Electronics,9.4,84.52,88.69,0,0,3,1,3,41.21,62.51,73.7,1,Deloitte,9.49,2024
S0094,Electronics,9.72,59.92,68.31,0,0,2,2,8,71.44,75.94,99.93,1,TCS,5.25,2026
S0095,Computer,7.34,71.51,64.77,0,1,2,2,8,70.3,91.38,60.14,1,Tech Mahindra,6.07,2024
S0096,Electronics,8.07,74.62,70.43,0,2,0,4,1,71.52,47.05,61.11,0,Not Placed,0.0,2026
S0097,Civil,5.84,70.87,84.31,0,0,2,3,1,98.44,81.37,92.95,0,Not Placed,0.0,2025
S0098,IT,9.96,60.2,55.67,0,2,3,2,1,94.69,64.53,67.98,1,Wipro,11.63,2026
S0099,IT,6.16,73.01,58.84,0,0,3,2,1,49.7,52.37,62.43,0,Not Placed,0.0,2024
S0100,Computer,9.71,87.3,92.82,3,1,5,3,4,62.13,64.17,69.49,1,Tech Mahindra,7.94,2024
S0101,Mechanical,8.25,58.05,57.9,3,2,2,0,5,65.44,44.56,77.04,0,Not Placed,0.0,2024
S0102,Computer,8.04,58.45,75.55,0,0,3,1,8,61.63,81.72,89.22,1,TCS,4.8,2026
S0103,Mechanical,7.56,70.26,76.07,0,1,3,4,2,87.91,55.16,84.97,0,Not Placed,0.0,2025
S0104,IT,6.15,95.49,72.03,0,0,3,3,8,71.44,58.68,69.5,1,Wipro,9.22,2024
S0105,Computer,5.88,83.75,79.01,0,2,2,2,5,74.33,47.26,80.13,0,Not Placed,0.0,2026
S0106,Civil,6.1,84.18,60.34,3,0,3,2,1,91.18,91.88,97.05,0,Not Placed,0.0,2026
S0107,Electronics,5.93,70.56,74.87,0,2,3,1,6,88.36,69.61,92.6,1,Cognizant,4.89,2026
S0108,Mechanical,8.9,80.53,66.75,1,0,4,2,4,47.93,74.33,72.93,1,Wipro,10.83,2024
S0109,Electronics,6.75,55.44,79.78,0,2,5,2,6,82.83,74.17,99.29,1,Capgemini,4.19,2025
S0110,Electronics,5.29,82.35,56.36,4,1,2,1,4,66.13,64.63,88.34,0,Not Placed,0.0,2026
S0111,Computer,9.85,94.27,75.69,0,2,0,3,1,57.68,51.55,62.5,1,Cognizant,8.84,2025
S0112,Electronics,9.42,81.34,58.34,1,0,3,4,4,43.0,84.71,61.41,1,TCS,5.49,2024
S0113,Civil,9.64,92.57,62.54,0,3,3,0,1,69.23,47.62,66.74,1,Capgemini,4.6,2024
S0114,Electronics,9.97,86.13,59.84,0,0,1,2,5,61.33,46.23,89.11,1,Wipro,6.91,2026
S0115,Computer,5.87,60.18,58.23,0,0,4,1,7,55.09,82.61,67.35,0,Not Placed,0.0,2024
S0116,Civil,6.98,93.81,87.16,0,1,5,2,3,81.68,52.53,80.46,1,Capgemini,9.27,2026
S0117,IT,8.79,57.86,62.86,3,0,5,1,4,86.17,58.41,63.73,0,Not Placed,0.0,2025
S0118,Electronics,8.48,77.96,91.72,2,0,1,2,1,54.69,68.51,96.84,0,Not Placed,0.0,2026
S0119,Computer,5.77,61.11,93.65,2,3,4,4,6,42.97,66.96,73.76,0,Not Placed,0.0,2026
S0120,IT,9.08,55.5,75.71,0,3,4,1,1,90.93,82.51,96.33,1,Accenture,10.39,2025
S0121,IT,6.12,73.15,56.44,1,1,3,4,6,40.6,77.41,97.8,0,Not Placed,0.0,2025
S0122,Mechanical,6.12,67.69,66.85,0,3,3,5,8,96.23,78.66,60.25,0,Not Placed,0.0,2026
S0123,Civil,7.68,75.9,85.9,0,1,4,0,4,77.66,82.84,78.57,1,TCS,5.8,2025
S0124,Electronics,7.96,79.82,66.53,0,0,3,1,2,59.31,57.56,60.99,0,Not Placed,0.0,2026
S0125,Computer,7.9,56.88,53.92,0,2,2,5,6,54.79,59.34,96.35,1,Tech Mahindra,4.02,2026
S0126,Mechanical,5.46,60.29,75.06,0,1,3,5,1,40.54,66.28,80.74,0,Not Placed,0.0,2026
S0127,Civil,9.39,79.02,88.03,0,3,3,0,4,54.13,58.45,63.0,1,Infosys,6.1,2025
S0128,Mechanical,6.33,69.76,85.82,0,0,1,0,1,48.26,99.1,64.41,0,Not Placed,0.0,2024
S0129,Civil,5.65,86.35,57.88,1,1,5,0,2,76.73,88.84,75.34,0,Not Placed,0.0,2026
S0130,Civil,9.44,83.05,80.27,0,0,3,5,3,49.99,49.88,97.61,1,Tech Mahindra,9.44,2024
S0131,Electronics,9.78,91.36,59.92,0,0,3,0,7,71.72,40.34,87.72,1,TCS,9.54,2026
S0132,Civil,9.31,84.78,59.82,0,0,1,2,7,75.41,42.57,94.7,1,Deloitte,9.42,2026
S0133,Mechanical,9.05,73.49,89.33,0,3,3,3,2,57.88,54.64,74.66,1,Tech Mahindra,11.2,2024
S0134,Civil,8.28,83.94,61.24,0,2,1,0,5,42.1,46.86,61.73,0,Not Placed,0.0,2024
S0135,Electronics,7.75,66.84,61.85,0,2,1,2,4,42.24,72.0,98.97,0,Not Placed,0.0,2025
S0136,Electronics,5.43,68.17,50.03,0,1,3,1,2,41.58,91.48,60.69,0,Not Placed,0.0,2026
S0137,Mechanical,7.04,88.93,89.18,1,0,2,4,3,84.35,84.21,97.91,1,Infosys,4.73,2025
S0138,IT,6.86,74.2,85.67,0,0,3,1,1,59.08,52.94,74.75,0,Not Placed,0.0,2025
S0139,IT,6.3,89.33,78.23,1,0,1,2,4,87.78,63.96,60.4,1,Capgemini,6.28,2026
S0140,Civil,8.62,90.36,83.76,0,1,2,2,8,65.9,70.47,87.57,1,Tech Mahindra,10.13,2024
S0141,Computer,7.48,91.88,56.84,0,2,1,1,6,67.18,88.61,99.22,1,Capgemini,4.19,2025
S0142,Civil,5.41,94.42,70.62,1,1,5,0,2,70.77,90.35,98.63,0,Not Placed,0.0,2025
S0143,Mechanical,6.1,73.53,65.8,0,0,3,1,8,82.78,94.58,66.44,1,Accenture,5.46,2026
S0144,Mechanical,8.42,68.71,54.22,0,0,3,1,8,56.41,70.55,67.25,0,Not Placed,0.0,2024
S0145,Mechanical,5.38,80.03,71.88,2,0,2,3,3,47.3,81.66,82.62,0,Not Placed,0.0,2025
S0146,Mechanical,9.26,70.96,91.43,0,1,1,3,8,73.36,46.71,85.49,1,Capgemini,8.28,2026
S0147,Mechanical,7.48,80.85,51.8,1,3,5,2,2,59.62,73.92,89.58,0,Not Placed,0.0,2025
S0148,Electronics,7.4,85.34,63.12,0,1,2,2,5,66.55,54.92,67.24,0,Not Placed,0.0,2026
S0149,IT,7.96,84.6,59.34,1,2,2,2,7,78.82,65.9,98.36,1,Cognizant,5.32,2024
S0150,Mechanical,9.12,71.11,60.72,0,1,3,3,7,69.65,78.04,85.55,1,Cognizant,4.53,2025
S0151,Computer,6.74,62.17,90.88,0,1,0,1,4,77.22,55.42,93.88,0,Not Placed,0.0,2024
S0152,Computer,8.39,73.51,71.06,0,0,4,1,1,72.65,43.13,81.6,1,Accenture,5.69,2026
S0153,Computer,7.83,61.13,70.98,0,2,3,1,3,84.39,40.61,76.57,1,TCS,5.21,2025
S0154,Computer,6.34,93.27,84.23,0,2,2,2,2,82.36,41.33,99.09,1,Deloitte,10.22,2025
S0155,Electronics,9.39,69.87,56.95,0,0,1,1,4,72.05,40.5,83.28,1,Deloitte,8.69,2024
S0156,Computer,8.99,61.64,71.93,0,1,1,1,2,80.73,46.62,94.67,1,TCS,7.46,2025
S0157,Mechanical,8.29,56.09,69.35,0,1,4,0,4,92.41,54.37,98.13,0,Not Placed,0.0,2025
S0158,Civil,9.25,82.77,76.86,0,1,3,3,7,65.94,53.27,87.01,1,Cognizant,9.77,2026
S0159,Computer,9.34,82.39,94.98,2,3,2,1,8,64.77,99.21,81.96,1,Wipro,8.19,2024
S0160,Electronics,8.54,69.65,84.63,0,1,1,0,5,85.85,58.36,60.14,0,Not Placed,0.0,2026
S0161,Electronics,9.19,58.08,67.9,0,1,3,1,2,74.95,47.65,61.6,0,Not Placed,0.0,2025
S0162,Computer,8.49,72.61,87.24,0,0,3,1,5,44.26,72.73,68.03,0,Not Placed,0.0,2025
S0163,Civil,8.4,68.38,57.68,0,0,2,2,6,93.53,91.48,67.44,1,Cognizant,7.16,2026
S0164,Computer,8.09,84.12,51.37,3,0,2,1,6,41.85,80.68,70.19,0,Not Placed,0.0,2025
S0165,Electronics,8.76,81.05,59.2,0,0,2,1,8,84.9,57.76,72.2,1,Accenture,6.29,2024
S0166,IT,5.79,70.68,65.32,3,2,3,2,7,85.53,73.7,74.4,0,Not Placed,0.0,2026
S0167,Mechanical,9.4,64.37,72.98,0,2,5,1,3,97.19,82.89,76.82,1,Deloitte,5.69,2026
S0168,Electronics,9.36,97.49,77.68,1,0,1,0,5,43.25,83.69,63.95,0,Not Placed,0.0,2025
S0169,Computer,5.15,74.52,90.98,0,2,3,4,4,75.81,79.99,61.69,0,Not Placed,0.0,2026
S0170,Mechanical,9.13,84.6,72.94,2,0,2,1,3,65.67,92.25,86.96,0,Not Placed,0.0,2026
S0171,Computer,5.64,61.04,72.56,0,0,2,1,2,59.84,92.21,81.49,0,Not Placed,0.0,2025
S0172,Computer,6.68,75.88,52.26,0,0,2,0,2,45.42,74.74,77.77,0,Not Placed,0.0,2026
S0173,IT,8.72,56.18,51.57,0,1,4,2,4,73.76,65.79,85.38,1,Wipro,9.5,2025
S0174,Mechanical,5.8,76.73,74.8,0,0,3,2,1,68.74,78.49,93.11,0,Not Placed,0.0,2025
S0175,Mechanical,9.09,96.45,69.72,2,1,3,2,8,46.27,89.09,77.11,1,Infosys,5.51,2025
S0176,IT,9.16,71.52,87.76,0,1,2,3,1,76.75,40.34,85.64,0,Not Placed,0.0,2026
S0177,Electronics,7.54,56.68,57.23,0,3,1,0,8,84.28,99.52,98.14,1,Accenture,7.0,2025
S0178,Computer,5.03,56.33,51.12,1,0,1,1,2,86.04,50.97,93.58,0,Not Placed,0.0,2024
S0179,Civil,6.44,71.68,70.21,0,0,4,3,8,94.32,68.21,77.04,1,Capgemini,7.45,2026
S0180,Computer,8.08,61.88,60.69,3,0,1,4,7,64.57,92.32,85.79,0,Not Placed,0.0,2026
S0181,Computer,9.91,56.0,52.23,1,1,3,0,7,97.18,53.5,67.08,1,Infosys,4.42,2026
S0182,Electronics,8.16,87.52,82.61,0,0,2,2,4,91.93,68.61,82.42,0,Not Placed,0.0,2025
S0183,Computer,6.3,74.72,55.02,2,2,2,1,1,57.79,47.95,99.25,0,Not Placed,0.0,2024
S0184,IT,8.17,67.44,77.37,0,1,3,0,5,49.56,63.7,80.73,1,Tech Mahindra,6.61,2024
S0185,IT,7.7,93.7,62.65,0,1,2,1,2,66.12,50.63,97.11,0,Not Placed,0.0,2026
S0186,Mechanical,8.9,59.99,57.81,0,1,1,0,6,64.11,61.82,76.29,1,Infosys,5.62,2024
S0187,Civil,5.53,96.1,67.09,0,0,2,3,5,74.54,62.41,99.95,0,Not Placed,0.0,2026
S0188,Computer,8.81,68.5,86.07,1,0,3,2,4,75.0,99.59,83.17,1,Cognizant,5.7,2025
S0189,Computer,7.71,93.2,67.64,2,0,3,0,6,85.0,99.69,61.69,1,Cognizant,3.22,2026
S0190,Electronics,9.81,80.93,83.78,0,1,2,0,5,70.59,46.89,83.47,1,Wipro,11.43,2026
S0191,IT,6.71,90.55,55.65,0,0,3,3,1,46.29,83.56,70.98,0,Not Placed,0.0,2026
S0192,Civil,8.16,97.31,84.77,3,0,1,0,8,91.5,43.1,61.3,0,Not Placed,0.0,2024
S0193,Mechanical,9.66,67.4,60.66,0,3,2,2,7,58.59,41.81,92.83,1,Wipro,11.87,2026
S0194,IT,5.51,96.33,80.48,0,0,0,1,1,98.28,46.32,71.03,0,Not Placed,0.0,2024
S0195,Mechanical,9.69,71.75,75.46,0,2,4,2,6,47.07,97.93,91.86,1,Capgemini,10.17,2024
S0196,Electronics,8.44,71.58,91.81,2,2,2,1,8,97.5,96.45,71.53,1,TCS,8.07,2025
S0197,Electronics,5.34,69.64,67.43,0,0,2,0,8,45.46,51.64,67.77,0,Not Placed,0.0,2026
S0198,Computer,6.5,78.28,52.98,1,0,2,1,8,53.86,49.7,98.96,0,Not Placed,0.0,2024
S0199,Civil,8.54,61.63,50.86,1,0,1,0,3,42.79,54.43,74.47,0,Not Placed,0.0,2026
S0200,Mechanical,5.34,78.81,87.21,0,1,3,1,7,82.31,70.93,84.06,0,Not Placed,0.0,2024
S0201,IT,7.91,78.29,73.61,0,1,1,2,2,91.02,74.18,84.4,1,Capgemini,11.76,2025
S0202,Electronics,6.73,87.76,84.89,2,2,1,1,6,66.04,53.3,82.42,0,Not Placed,0.0,2024
S0203,Computer,8.1,90.85,60.55,0,3,3,0,4,95.71,85.4,96.59,1,Infosys,11.33,2026
S0204,Computer,5.23,73.94,65.53,1,1,2,2,2,75.42,58.57,86.98,0,Not Placed,0.0,2024
S0205,Mechanical,9.36,68.0,51.35,3,0,4,2,5,77.8,95.33,76.15,0,Not Placed,0.0,2026
S0206,Electronics,9.87,66.15,93.27,0,0,3,5,7,90.73,79.4,94.5,1,Infosys,3.43,2025
S0207,Civil,9.84,63.37,80.05,1,2,2,2,4,57.81,66.18,67.24,1,Wipro,5.93,2026
S0208,Electronics,8.75,57.48,91.99,1,0,3,2,4,61.26,87.39,81.77,0,Not Placed,0.0,2025
S0209,Mechanical,5.65,69.73,61.95,2,0,1,2,1,94.36,89.07,98.02,0,Not Placed,0.0,2025
S0210,Mechanical,8.79,66.62,77.52,0,2,3,4,5,94.06,57.43,85.02,1,Capgemini,7.13,2026
S0211,Electronics,5.12,96.56,80.53,0,1,2,3,1,98.59,60.38,92.68,1,Capgemini,7.81,2026
S0212,Mechanical,5.11,78.98,64.29,0,3,2,1,1,94.11,96.16,86.14,0,Not Placed,0.0,2025
S0213,Electronics,6.62,69.93,88.16,1,1,3,1,8,47.64,49.88,93.57,0,Not Placed,0.0,2026
S0214,IT,7.44,79.96,92.62,0,0,4,1,7,89.42,42.53,97.78,1,Infosys,5.92,2024
S0215,Electronics,8.85,60.99,89.82,1,3,5,2,3,64.59,67.24,70.92,1,Infosys,4.51,2026
S0216,Electronics,8.42,74.09,83.26,0,0,3,3,1,99.45,88.07,66.79,1,Infosys,6.18,2025
S0217,Mechanical,7.23,81.93,62.49,0,0,2,2,2,68.34,86.3,79.36,1,Cognizant,5.01,2024
S0218,Mechanical,6.37,76.02,62.67,0,1,2,0,4,73.23,95.17,88.07,1,TCS,10.18,2025
S0219,Computer,9.99,72.28,93.35,1,0,2,3,7,71.79,71.99,69.09,1,Deloitte,5.83,2026
S0220,Computer,7.13,97.74,50.46,0,1,3,3,1,59.3,46.0,60.16,0,Not Placed,0.0,2026
S0221,IT,7.26,92.85,82.22,0,0,2,1,6,44.5,75.32,73.72,0,Not Placed,0.0,2025
S0222,Computer,5.82,81.81,81.78,0,1,5,2,2,93.74,86.7,98.75,1,Wipro,5.57,2026
S0223,Electronics,8.97,79.48,78.02,1,1,2,1,5,88.16,45.6,87.8,1,Capgemini,4.84,2025
S0224,Mechanical,8.47,81.69,94.55,0,2,2,4,4,48.37,50.36,76.05,1,Cognizant,6.75,2026
S0225,Computer,6.1,63.66,64.03,0,2,2,3,7,86.61,40.74,67.7,0,Not Placed,0.0,2024
S0226,Computer,5.41,71.99,65.3,3,0,4,2,6,77.55,75.62,74.24,0,Not Placed,0.0,2026
S0227,IT,8.4,56.7,53.55,1,1,3,2,7,64.55,93.2,66.79,0,Not Placed,0.0,2024
S0228,IT,8.27,75.45,69.93,3,1,3,4,7,55.24,80.24,64.25,1,Deloitte,7.61,2025
S0229,Electronics,6.37,78.35,61.75,0,0,2,2,6,91.58,98.92,96.27,0,Not Placed,0.0,2026
S0230,Mechanical,9.75,64.79,65.45,0,2,4,1,5,82.01,43.78,99.91,1,Cognizant,6.09,2026
S0231,IT,5.76,96.45,87.56,2,2,0,3,6,72.86,94.18,66.56,0,Not Placed,0.0,2026
S0232,Computer,7.16,94.11,92.1,0,0,4,1,2,76.57,88.84,62.18,1,Wipro,7.5,2026
S0233,Mechanical,9.72,86.05,58.36,1,1,3,1,8,45.46,58.85,73.19,1,Capgemini,7.38,2026
S0234,Mechanical,7.1,77.94,66.76,0,0,2,4,7,68.44,98.41,78.47,0,Not Placed,0.0,2024
S0235,Computer,8.19,92.41,91.79,0,1,3,3,5,51.62,57.28,68.19,1,Cognizant,5.49,2025
S0236,IT,6.99,60.62,52.78,0,0,3,1,7,52.5,93.36,72.06,0,Not Placed,0.0,2026
S0237,Computer,6.37,88.99,54.16,0,3,0,1,6,79.68,92.84,68.03,0,Not Placed,0.0,2026
S0238,Mechanical,9.92,60.37,57.33,0,2,4,1,5,94.68,85.46,90.97,1,Tech Mahindra,6.85,2026
S0239,Civil,7.05,89.15,76.78,0,1,2,1,5,64.23,73.81,88.5,1,Deloitte,11.02,2026
S0240,Civil,9.47,66.86,56.77,4,1,2,0,1,52.46,47.2,85.4,0,Not Placed,0.0,2026
S0241,Electronics,6.15,92.71,93.56,0,3,1,3,1,78.92,71.92,75.49,1,Tech Mahindra,6.43,2026
S0242,Computer,6.07,95.59,70.1,1,1,2,1,8,92.27,61.41,96.36,1,Wipro,5.93,2025
S0243,Computer,5.16,61.4,72.57,2,0,3,2,1,84.9,87.53,98.78,0,Not Placed,0.0,2025
S0244,Electronics,8.26,74.9,61.1,0,1,2,1,6,92.13,85.49,66.95,1,Infosys,6.33,2026
S0245,Electronics,6.84,97.18,71.19,0,2,3,5,4,72.19,94.64,68.92,0,Not Placed,0.0,2026
S0246,Electronics,9.32,75.79,79.79,1,1,2,1,2,85.11,40.89,81.03,0,Not Placed,0.0,2026
S0247,Mechanical,7.37,92.13,83.8,0,1,5,0,6,48.4,88.55,63.65,1,Tech Mahindra,4.99,2025
S0248,Computer,9.84,80.32,83.92,1,2,3,0,7,60.9,96.31,77.46,1,Infosys,4.29,2026
S0249,Mechanical,5.93,71.14,76.01,1,2,4,2,1,63.37,87.36,83.27,0,Not Placed,0.0,2026
S0250,Electronics,9.34,67.29,90.7,4,3,1,2,5,70.68,47.81,80.88,1,Cognizant,11.41,2026
S0251,Computer,8.88,63.74,86.78,0,0,2,1,6,95.74,44.88,73.24,1,Infosys,5.22,2025
S0252,Mechanical,8.85,87.76,84.07,0,1,2,1,5,92.46,41.25,81.7,1,Accenture,5.22,2026
S0253,Mechanical,9.22,71.62,52.5,0,2,3,0,8,48.07,77.72,98.35,0,Not Placed,0.0,2026
S0254,Electronics,8.81,76.98,50.31,0,2,4,2,7,50.37,77.78,68.24,1,Accenture,7.16,2026
S0255,Computer,8.13,76.17,59.56,2,1,1,2,5,61.46,99.21,86.19,1,Cognizant,10.11,2026
S0256,Electronics,5.66,79.82,79.86,0,0,1,0,5,57.44,63.88,61.74,0,Not Placed,0.0,2026
S0257,Computer,5.16,92.22,68.5,0,2,4,0,8,76.89,59.91,62.66,0,Not Placed,0.0,2024
S0258,Civil,9.6,97.17,68.11,1,2,2,0,3,94.17,77.47,82.07,1,TCS,8.26,2025
S0259,IT,8.08,72.53,89.81,0,0,3,0,4,97.74,89.54,64.2,1,Accenture,6.67,2026
S0260,IT,8.98,90.58,90.3,0,1,3,2,2,79.22,96.21,60.89,1,Cognizant,7.0,2025
S0261,IT,7.41,87.87,90.91,0,0,4,0,2,90.29,88.19,66.86,1,Tech Mahindra,10.4,2026
S0262,Electronics,5.59,79.66,64.12,2,0,1,1,1,71.51,65.6,82.59,0,Not Placed,0.0,2025
S0263,Civil,5.63,96.11,81.1,0,0,1,0,3,52.5,78.09,88.13,0,Not Placed,0.0,2025
S0264,Computer,8.43,63.62,62.22,2,1,3,5,6,71.48,91.38,68.1,0,Not Placed,0.0,2026
S0265,Mechanical,7.15,59.7,58.58,0,1,5,4,8,73.3,69.44,86.73,1,TCS,8.58,2024
S0266,Computer,6.0,91.72,58.31,1,1,2,1,6,84.55,53.0,67.3,0,Not Placed,0.0,2026
S0267,Mechanical,7.46,73.88,65.39,2,1,2,1,2,53.19,50.18,84.54,0,Not Placed,0.0,2026
S0268,Computer,5.32,91.42,69.35,0,2,3,1,4,62.1,40.01,76.48,0,Not Placed,0.0,2024
S0269,Civil,7.91,93.4,87.39,0,0,5,2,5,61.84,83.09,86.15,1,Cognizant,11.35,2026
S0270,Mechanical,6.34,57.69,55.4,0,0,4,0,7,97.57,46.67,99.8,1,Accenture,6.72,2024
S0271,Electronics,8.99,92.99,83.07,1,2,5,2,1,66.64,54.63,97.51,1,Cognizant,3.13,2025
S0272,Computer,6.55,74.28,73.92,0,0,0,2,4,85.31,57.87,60.17,1,Cognizant,5.59,2024
S0273,Computer,7.28,76.95,62.96,0,3,1,4,2,85.05,73.62,95.42,0,Not Placed,0.0,2024
S0274,Mechanical,5.06,81.94,72.18,0,2,3,0,3,55.93,63.88,62.66,0,Not Placed,0.0,2026
S0275,Electronics,5.36,94.83,63.5,0,1,4,3,1,74.31,80.48,98.12,0,Not Placed,0.0,2026
S0276,Electronics,6.96,55.82,76.82,0,3,2,3,8,93.66,43.34,71.27,1,TCS,10.75,2024
S0277,Civil,7.4,75.5,69.52,0,0,2,0,2,68.51,47.44,75.28,0,Not Placed,0.0,2026
S0278,Electronics,8.0,84.57,57.4,0,0,4,1,6,96.71,69.95,63.67,1,Deloitte,11.9,2026
S0279,Electronics,6.46,86.08,55.25,2,1,1,0,1,52.87,60.22,64.49,0,Not Placed,0.0,2026
S0280,Electronics,8.47,84.78,74.6,1,1,2,1,8,44.45,57.75,89.07,0,Not Placed,0.0,2025
S0281,IT,9.3,60.78,90.61,0,3,3,1,2,93.49,44.02,97.77,1,Cognizant,3.35,2026
S0282,Civil,8.9,67.87,65.48,3,0,3,2,6,90.86,93.74,84.43,1,Accenture,7.44,2025
S0283,Computer,5.2,70.42,82.99,1,1,4,1,7,99.56,81.51,88.63,0,Not Placed,0.0,2026
S0284,Mechanical,7.4,89.59,79.64,3,1,2,4,6,80.76,47.3,90.48,1,Infosys,3.23,2026
S0285,Computer,5.52,66.99,91.92,0,1,3,0,5,96.2,43.9,70.51,0,Not Placed,0.0,2024
S0286,Civil,6.21,64.06,86.94,0,0,3,5,8,89.62,98.49,61.81,1,TCS,5.31,2024
S0287,Mechanical,9.93,96.17,75.5,0,1,3,1,8,90.67,80.87,60.07,1,Infosys,6.34,2025
S0288,Civil,5.71,55.38,79.57,1,2,3,3,3,74.15,65.05,74.03,0,Not Placed,0.0,2024
S0289,Electronics,7.49,97.91,90.43,0,0,2,1,8,62.94,82.1,69.66,0,Not Placed,0.0,2025
S0290,Mechanical,8.09,84.1,67.98,0,2,1,0,5,96.07,85.38,62.49,1,Accenture,8.09,2026
S0291,Electronics,8.51,90.62,64.71,0,1,1,4,2,65.93,86.8,67.18,1,Infosys,10.9,2025
S0292,Computer,7.8,67.67,50.49,0,2,2,1,7,72.33,68.67,64.98,1,Tech Mahindra,9.19,2025
S0293,Computer,5.05,55.62,87.19,0,2,3,2,4,66.77,65.79,96.6,0,Not Placed,0.0,2025
S0294,Mechanical,6.63,86.73,86.04,0,0,4,2,7,73.89,40.66,65.61,1,Cognizant,8.3,2024
S0295,Mechanical,7.59,90.87,54.7,0,1,4,2,7,68.23,95.59,81.51,0,Not Placed,0.0,2025
S0296,Civil,5.44,86.84,75.96,0,2,4,2,8,42.88,76.2,83.72,0,Not Placed,0.0,2026
S0297,Civil,6.75,61.14,70.88,3,1,2,3,7,92.92,52.19,81.74,0,Not Placed,0.0,2024
S0298,Electronics,5.17,87.4,55.34,1,3,2,0,8,66.66,95.18,63.96,0,Not Placed,0.0,2026
S0299,Mechanical,5.39,88.06,94.13,3,1,2,2,5,75.34,94.9,72.75,0,Not Placed,0.0,2025
S0300,Computer,6.98,83.32,59.66,1,0,1,4,4,48.35,99.35,62.05,1,Infosys,5.54,2026
S0301,Civil,5.66,87.94,53.03,0,1,1,0,6,40.2,92.44,75.83,0,Not Placed,0.0,2024
S0302,Civil,7.84,91.37,76.77,0,3,3,0,8,54.72,99.87,67.54,1,Infosys,7.92,2026
S0303,Computer,8.45,81.38,83.25,1,0,5,3,2,82.28,54.68,82.47,1,Infosys,3.22,2026
S0304,Civil,9.0,58.81,51.46,0,2,1,1,3,45.95,90.53,87.71,0,Not Placed,0.0,2026
S0305,Electronics,6.0,75.97,79.64,0,2,0,1,4,94.53,89.38,81.28,0,Not Placed,0.0,2026
S0306,Mechanical,5.84,58.34,73.95,0,1,4,0,2,52.9,53.86,77.37,0,Not Placed,0.0,2026
S0307,Computer,5.52,72.52,54.65,0,0,2,2,8,52.28,45.91,75.49,0,Not Placed,0.0,2026
S0308,Mechanical,8.18,72.51,57.76,0,2,4,0,4,50.89,98.77,93.67,1,Capgemini,7.42,2026
S0309,Civil,8.53,57.84,75.56,0,0,4,2,8,40.84,57.76,68.77,0,Not Placed,0.0,2026
S0310,Civil,5.16,70.0,63.34,0,2,5,3,5,86.31,92.25,89.37,1,Capgemini,3.45,2026
S0311,Computer,9.68,59.77,92.22,1,1,2,1,2,92.5,40.25,90.3,1,Cognizant,4.04,2025
S0312,Electronics,5.26,89.75,86.84,0,1,3,2,5,76.85,41.26,76.77,0,Not Placed,0.0,2025
S0313,IT,7.71,95.75,94.26,0,2,3,5,1,51.29,67.95,71.89,1,Cognizant,5.53,2026
S0314,Computer,8.55,58.11,61.69,0,1,3,2,2,57.12,54.32,78.82,0,Not Placed,0.0,2025
S0315,IT,9.35,96.07,93.64,1,1,2,3,4,68.56,81.39,63.73,0,Not Placed,0.0,2026
S0316,IT,8.57,77.47,69.41,0,1,1,1,1,97.26,73.93,61.84,0,Not Placed,0.0,2024
S0317,Electronics,9.01,67.88,65.64,0,1,3,3,5,54.84,44.65,64.46,1,Accenture,4.36,2025
S0318,IT,6.7,58.31,52.27,0,1,3,0,5,83.9,49.76,67.49,0,Not Placed,0.0,2026
S0319,IT,9.07,76.53,52.37,0,2,4,0,4,66.37,63.28,80.17,1,Infosys,3.76,2026
S0320,Electronics,5.4,89.16,81.14,3,1,4,1,1,57.87,51.14,93.97,0,Not Placed,0.0,2025
S0321,IT,9.47,85.4,70.61,3,1,3,1,7,67.35,87.53,69.43,1,Tech Mahindra,7.36,2024
S0322,IT,7.74,57.16,60.19,0,1,1,3,6,44.27,64.96,97.41,0,Not Placed,0.0,2025
S0323,IT,9.09,58.13,77.63,0,0,4,1,3,87.92,45.61,98.2,1,Infosys,11.82,2026
S0324,Computer,7.26,72.32,61.38,1,0,3,2,4,54.6,69.06,98.36,0,Not Placed,0.0,2024
S0325,Computer,8.22,67.7,75.99,0,3,4,3,5,83.52,45.45,93.5,1,TCS,8.0,2026
S0326,Computer,7.63,64.99,66.16,0,2,5,2,2,44.1,47.74,74.55,0,Not Placed,0.0,2026
S0327,Electronics,8.66,67.08,87.06,0,1,1,1,1,97.31,54.38,62.91,1,Deloitte,6.83,2026
S0328,Civil,5.41,89.55,86.93,3,1,4,2,8,51.58,91.57,82.75,0,Not Placed,0.0,2024
S0329,IT,5.3,94.96,71.48,0,0,0,1,6,92.96,95.48,82.35,0,Not Placed,0.0,2024
S0330,IT,6.24,72.42,65.79,0,1,2,0,3,88.57,89.58,94.0,0,Not Placed,0.0,2025
S0331,Electronics,5.8,93.96,66.32,1,1,3,5,2,98.07,60.04,99.84,0,Not Placed,0.0,2025
S0332,IT,9.36,68.82,86.26,0,1,1,0,1,68.67,56.35,80.33,1,Infosys,5.39,2024
S0333,Computer,6.1,75.49,64.77,0,1,4,0,6,83.64,72.95,73.81,1,Cognizant,6.99,2026
S0334,Civil,9.88,64.72,59.41,4,0,0,4,4,62.24,83.31,67.44,0,Not Placed,0.0,2025
S0335,Mechanical,6.68,82.54,53.81,0,0,1,1,8,51.06,99.6,60.19,0,Not Placed,0.0,2025
S0336,IT,5.91,97.1,71.0,0,3,3,2,6,66.58,47.89,80.36,0,Not Placed,0.0,2025
S0337,Computer,8.95,80.95,71.7,0,1,4,1,4,49.94,42.96,82.22,0,Not Placed,0.0,2026
S0338,Mechanical,8.29,70.39,87.84,0,1,5,1,8,98.92,81.66,93.0,1,Accenture,7.9,2024
S0339,Civil,7.49,82.86,59.96,0,0,4,1,8,45.77,89.93,80.18,1,Accenture,5.8,2024
S0340,Mechanical,7.78,60.29,67.14,0,0,3,1,7,75.35,90.78,96.66,1,Tech Mahindra,9.47,2024
S0341,Computer,8.6,93.21,86.38,0,2,2,1,1,77.59,80.71,85.12,0,Not Placed,0.0,2026
S0342,Mechanical,6.14,76.63,87.06,2,1,0,3,8,72.28,97.24,93.61,0,Not Placed,0.0,2026
S0343,Electronics,9.98,74.32,67.31,0,1,1,2,6,79.73,70.66,65.93,1,Infosys,8.26,2025
S0344,Mechanical,9.87,80.19,70.66,0,0,3,4,8,46.97,94.83,94.21,1,Infosys,11.4,2024
S0345,IT,8.25,81.87,63.65,0,2,3,0,3,73.3,98.07,87.01,1,Cognizant,6.62,2024
S0346,IT,6.0,58.09,91.96,1,0,2,2,6,57.23,90.83,66.81,0,Not Placed,0.0,2026
S0347,Electronics,8.4,84.35,55.34,0,0,4,2,1,96.41,58.59,67.59,0,Not Placed,0.0,2024
S0348,Computer,5.36,65.4,92.02,0,1,3,4,2,85.72,51.77,97.06,0,Not Placed,0.0,2026
S0349,IT,5.15,85.7,80.77,0,0,1,0,2,98.35,72.89,61.29,0,Not Placed,0.0,2024
S0350,Civil,6.29,90.37,73.92,0,0,1,2,6,42.25,67.18,78.5,0,Not Placed,0.0,2024
S0351,IT,7.31,89.57,51.47,0,1,4,4,6,57.11,92.67,72.54,1,Infosys,10.7,2024
S0352,IT,9.34,78.76,71.4,2,1,4,1,4,51.73,46.0,86.6,1,Capgemini,5.91,2026
S0353,Computer,8.64,77.37,68.35,0,2,4,4,1,40.67,55.46,93.59,0,Not Placed,0.0,2026
S0354,Mechanical,8.71,61.14,57.25,0,1,1,0,4,54.54,85.11,74.42,0,Not Placed,0.0,2026
S0355,IT,7.13,88.34,79.54,0,0,5,3,3,80.73,45.7,77.08,1,Capgemini,4.6,2025
S0356,Electronics,6.73,66.67,93.7,2,0,2,4,7,53.87,59.25,99.28,1,Tech Mahindra,10.64,2024
S0357,Mechanical,6.86,76.36,75.3,0,3,0,2,2,70.54,63.23,91.36,1,TCS,10.83,2026
S0358,Civil,9.94,67.22,82.16,0,1,5,1,8,93.27,77.36,95.89,1,TCS,11.61,2025
S0359,Computer,5.2,60.75,53.08,0,2,2,0,8,81.63,49.49,77.55,0,Not Placed,0.0,2026
S0360,Civil,9.34,82.07,68.8,0,0,3,4,5,63.68,91.64,69.36,1,Cognizant,7.73,2025
S0361,Mechanical,7.89,57.34,55.24,0,1,1,2,5,62.35,66.85,76.47,0,Not Placed,0.0,2024
S0362,Mechanical,7.19,87.19,77.58,0,0,3,0,1,67.34,95.02,88.64,0,Not Placed,0.0,2024
S0363,Mechanical,8.63,68.66,92.23,0,1,5,2,8,50.62,68.07,64.38,1,Deloitte,5.75,2026
S0364,Civil,7.43,55.01,79.78,0,3,2,2,1,78.04,56.5,70.82,0,Not Placed,0.0,2025
S0365,Mechanical,9.37,76.98,53.46,0,3,3,0,5,61.85,48.51,61.87,1,Deloitte,5.88,2026
S0366,Civil,9.5,57.01,65.96,0,1,1,1,1,91.14,40.22,77.29,1,Capgemini,7.7,2025
S0367,Mechanical,7.11,66.88,74.78,0,1,3,0,2,85.39,71.93,93.1,1,Tech Mahindra,8.48,2026
S0368,Electronics,6.38,85.4,68.14,1,3,2,2,3,76.63,46.43,60.99,0,Not Placed,0.0,2025
S0369,Mechanical,7.96,57.7,87.51,3,1,2,2,3,61.85,63.5,87.01,0,Not Placed,0.0,2024
S0370,Civil,9.56,91.09,86.66,4,0,2,2,8,52.6,75.36,97.3,1,Deloitte,7.61,2026
S0371,IT,6.05,55.16,77.53,2,1,1,3,4,86.57,56.54,69.48,0,Not Placed,0.0,2025
S0372,Mechanical,8.11,65.61,66.81,0,0,5,4,2,69.18,50.51,87.75,1,Capgemini,8.15,2026
S0373,IT,8.16,86.86,61.49,1,1,2,2,7,53.49,86.48,99.0,1,Infosys,3.96,2026
S0374,Electronics,8.67,68.6,54.76,0,1,2,0,1,51.71,96.81,98.49,0,Not Placed,0.0,2025
S0375,Computer,5.66,59.38,65.97,0,1,2,2,1,49.92,46.03,69.4,0,Not Placed,0.0,2026
S0376,Electronics,8.58,70.49,68.59,0,1,2,1,8,86.63,49.34,64.01,0,Not Placed,0.0,2026
S0377,Mechanical,9.55,66.63,80.41,0,0,4,2,7,53.74,97.6,65.93,1,Deloitte,8.15,2025
S0378,IT,5.9,91.24,79.62,1,1,5,2,4,71.6,42.27,88.08,1,Wipro,11.01,2026
S0379,IT,6.19,68.47,53.15,0,2,2,1,4,67.09,98.66,89.03,0,Not Placed,0.0,2026
S0380,Civil,9.86,88.92,67.79,0,1,4,4,1,74.78,40.28,86.97,1,Deloitte,11.14,2024
S0381,IT,5.9,93.35,58.18,3,0,3,0,1,92.63,92.42,73.44,0,Not Placed,0.0,2025
S0382,Civil,9.27,73.65,57.06,0,3,1,2,7,92.06,58.44,66.79,1,TCS,11.64,2024
S0383,Computer,7.46,94.13,87.23,0,3,3,0,8,67.06,96.32,83.23,1,Accenture,7.25,2026
S0384,Mechanical,6.24,71.22,51.89,2,0,3,4,2,40.92,59.02,79.35,0,Not Placed,0.0,2026
S0385,Civil,9.35,96.46,68.86,0,0,3,0,7,65.59,79.26,89.15,1,Capgemini,7.77,2026
S0386,Computer,7.23,58.84,57.57,0,2,4,0,4,76.37,44.8,77.65,0,Not Placed,0.0,2024
S0387,IT,7.57,84.54,89.57,0,2,2,1,7,73.47,54.54,73.55,0,Not Placed,0.0,2025
S0388,IT,6.8,76.23,75.07,0,3,5,1,7,79.08,86.42,71.74,1,Deloitte,5.0,2026
S0389,Computer,7.96,71.67,60.41,2,2,4,1,7,49.24,71.72,68.46,1,Infosys,3.73,2025
S0390,IT,5.82,82.21,72.61,0,1,3,2,2,78.79,95.68,70.63,0,Not Placed,0.0,2026
S0391,Computer,6.96,85.27,82.92,0,1,3,1,6,50.96,65.73,63.79,1,Wipro,7.7,2026
S0392,Civil,9.85,55.19,93.12,0,0,2,0,1,85.03,92.19,73.87,0,Not Placed,0.0,2024
S0393,Civil,6.29,62.18,59.92,0,0,5,1,5,60.35,66.94,61.46,0,Not Placed,0.0,2024
S0394,Computer,8.28,85.66,89.88,3,1,3,3,8,82.59,98.75,67.46,1,Accenture,10.71,2025
S0395,Civil,6.63,83.65,92.04,0,1,0,2,7,42.87,97.59,89.87,0,Not Placed,0.0,2026
S0396,Civil,8.87,96.54,91.24,0,1,2,3,8,64.47,59.75,73.02,1,Wipro,6.02,2026
S0397,Civil,5.65,87.72,78.59,0,2,3,2,5,82.3,93.16,86.73,1,Infosys,5.63,2026
S0398,Electronics,9.85,95.88,78.34,1,0,1,1,6,53.61,90.86,88.68,1,Capgemini,4.87,2025
S0399,Mechanical,7.27,85.21,68.14,3,1,0,0,1,87.72,52.64,83.25,0,Not Placed,0.0,2024
S0400,IT,6.18,67.82,83.86,0,0,3,1,4,77.85,77.46,98.35,0,Not Placed,0.0,2026
S0401,Electronics,5.37,59.53,73.91,0,1,2,3,5,75.25,44.36,60.86,0,Not Placed,0.0,2024
S0402,Civil,5.85,88.62,80.48,0,2,2,5,8,61.21,90.2,89.55,1,Tech Mahindra,5.12,2026
S0403,Computer,7.6,82.7,69.28,1,1,2,2,8,68.95,50.47,98.35,0,Not Placed,0.0,2024
S0404,Civil,6.69,57.07,82.92,0,3,1,0,8,75.84,44.25,94.49,1,TCS,10.13,2024
S0405,Mechanical,9.14,70.48,87.1,2,0,3,0,4,68.35,64.01,66.72,1,Cognizant,3.34,2025
S0406,Civil,7.15,96.14,56.59,0,1,3,1,5,81.9,74.62,73.07,1,Capgemini,7.41,2025
S0407,Computer,6.24,76.52,87.48,2,0,2,2,8,66.02,91.3,66.9,0,Not Placed,0.0,2026
S0408,Mechanical,8.09,73.61,74.31,0,1,2,0,4,52.14,98.45,84.05,1,Tech Mahindra,6.63,2024
S0409,Civil,8.53,74.68,88.01,0,2,3,4,7,52.84,66.37,88.49,1,Tech Mahindra,6.97,2026
S0410,Mechanical,5.84,63.98,69.41,0,1,1,1,8,40.35,43.63,72.68,0,Not Placed,0.0,2026
S0411,IT,5.84,70.85,67.06,0,2,1,4,5,58.06,84.95,81.58,1,TCS,8.88,2025
S0412,IT,5.18,70.9,91.18,2,0,1,3,4,84.94,73.91,87.64,0,Not Placed,0.0,2025
S0413,Civil,8.68,57.25,61.3,1,2,4,3,6,87.65,66.87,76.85,1,Infosys,9.32,2026
S0414,Mechanical,8.32,88.01,87.99,1,0,4,2,2,52.15,58.56,94.16,0,Not Placed,0.0,2024
S0415,Computer,7.37,72.91,71.78,0,2,4,2,4,97.54,70.14,90.86,1,Capgemini,4.47,2026
S0416,Civil,9.22,90.35,73.13,0,0,4,2,2,70.14,60.32,62.59,1,Tech Mahindra,10.88,2026
S0417,IT,9.03,91.56,63.88,1,0,3,2,2,95.02,85.42,84.85,1,Capgemini,11.64,2024
S0418,IT,7.93,64.12,75.79,0,1,3,2,1,82.41,72.63,69.41,1,Tech Mahindra,10.79,2026
S0419,Civil,9.34,83.27,64.63,0,3,3,5,7,83.35,92.61,82.3,1,Tech Mahindra,10.84,2025
S0420,Mechanical,6.03,75.31,51.77,0,0,0,3,6,45.1,72.61,98.28,0,Not Placed,0.0,2024
S0421,IT,5.56,92.85,62.24,0,1,3,3,2,53.2,54.3,95.16,0,Not Placed,0.0,2026
S0422,Mechanical,6.35,64.28,50.29,0,2,4,4,3,40.53,91.07,76.18,0,Not Placed,0.0,2024
S0423,IT,5.29,84.15,94.03,0,1,3,1,7,82.97,73.43,71.66,0,Not Placed,0.0,2026
S0424,IT,7.66,81.13,93.46,0,0,2,0,2,60.67,52.41,69.38,0,Not Placed,0.0,2026
S0425,Electronics,9.68,67.7,67.78,4,1,2,2,4,87.2,77.41,81.3,0,Not Placed,0.0,2024
S0426,IT,5.2,60.87,82.78,0,1,3,2,2,60.34,61.46,64.57,0,Not Placed,0.0,2025
S0427,Computer,5.61,83.02,65.56,0,3,3,3,4,89.16,90.66,81.97,1,Tech Mahindra,7.93,2024
S0428,Civil,7.26,86.76,80.2,0,2,4,1,8,47.84,67.2,60.05,1,Tech Mahindra,11.75,2024
S0429,Civil,9.67,68.57,86.24,1,1,2,2,4,50.4,83.59,72.95,1,Infosys,8.26,2024
S0430,Mechanical,6.58,82.73,92.6,0,3,4,2,3,60.45,45.73,68.8,0,Not Placed,0.0,2026
S0431,IT,7.54,71.99,68.01,0,1,3,0,2,64.51,63.76,98.85,1,Accenture,3.28,2026
S0432,Computer,5.21,85.67,85.25,0,0,4,2,2,60.92,98.99,89.09,0,Not Placed,0.0,2026
S0433,Mechanical,5.74,63.57,61.97,0,0,3,3,5,85.82,88.51,73.99,1,Wipro,11.06,2025
S0434,Electronics,9.93,93.28,94.56,0,1,3,0,7,45.82,49.6,63.71,1,Deloitte,4.42,2026
S0435,Mechanical,9.83,67.36,51.16,1,0,3,2,5,61.07,56.67,80.67,0,Not Placed,0.0,2025
S0436,Mechanical,5.02,70.81,77.16,2,3,4,2,1,90.23,59.79,68.54,0,Not Placed,0.0,2025
S0437,IT,9.76,57.5,79.68,0,2,5,0,4,44.01,79.02,81.46,1,Cognizant,6.24,2025
S0438,Electronics,8.2,59.8,80.96,0,0,1,0,3,96.54,85.42,93.41,1,Tech Mahindra,5.34,2024
S0439,Mechanical,9.34,77.18,55.42,2,1,1,5,5,99.18,84.97,84.63,1,Wipro,4.37,2026
S0440,Computer,7.27,66.51,92.23,0,2,5,1,2,45.31,70.59,85.35,1,Accenture,9.56,2026
S0441,Computer,7.58,90.93,58.15,1,3,3,1,1,57.48,88.65,81.64,1,Infosys,9.82,2026
S0442,Civil,7.44,55.63,78.02,0,2,3,0,3,62.34,66.22,97.09,0,Not Placed,0.0,2026
S0443,Electronics,8.33,71.3,60.02,3,1,3,2,6,86.58,47.43,97.28,0,Not Placed,0.0,2026
S0444,Electronics,5.7,69.51,63.82,1,2,1,2,2,75.76,73.87,80.51,0,Not Placed,0.0,2024
S0445,Civil,5.15,55.83,74.59,3,1,4,2,2,78.66,97.14,72.23,0,Not Placed,0.0,2025
S0446,Mechanical,6.54,60.35,68.77,1,1,4,0,8,85.45,87.58,78.38,1,Capgemini,6.08,2026
S0447,Electronics,8.52,72.79,57.21,0,0,2,4,6,47.08,74.72,67.46,1,Infosys,9.82,2024
S0448,Computer,6.01,76.19,57.69,3,0,2,1,4,89.99,78.81,85.45,0,Not Placed,0.0,2026
S0449,Computer,8.37,72.38,68.82,0,1,4,1,4,82.34,95.83,80.0,1,TCS,9.53,2025
S0450,IT,9.85,77.83,84.08,0,0,1,2,5,74.64,65.7,64.13,1,Cognizant,6.19,2025
S0451,Electronics,5.47,80.59,90.41,1,0,4,1,5,93.38,59.88,67.91,0,Not Placed,0.0,2025
S0452,Mechanical,8.36,55.43,53.79,1,2,2,4,2,82.02,98.63,79.19,0,Not Placed,0.0,2026
S0453,Civil,7.22,74.96,67.69,3,0,3,4,7,52.1,91.81,95.5,1,TCS,11.89,2025
S0454,Civil,9.34,96.43,54.51,0,1,5,1,2,65.78,59.38,82.66,0,Not Placed,0.0,2026
S0455,Mechanical,5.89,77.32,50.75,1,1,3,4,5,69.64,67.83,87.26,1,Infosys,3.22,2025
S0456,IT,8.46,84.13,79.78,1,3,2,3,6,43.31,64.9,73.56,1,TCS,6.38,2026
S0457,Civil,9.19,68.41,77.11,0,1,3,4,5,97.28,48.95,82.86,1,Tech Mahindra,4.09,2024
S0458,Electronics,9.72,88.28,57.34,0,0,2,1,2,47.71,97.47,77.9,1,Infosys,6.92,2024
S0459,IT,8.42,88.24,60.52,0,1,2,2,3,81.85,64.26,86.37,0,Not Placed,0.0,2024
S0460,Electronics,7.49,77.42,51.07,0,2,5,1,2,70.37,92.52,62.02,1,TCS,9.2,2025
S0461,Computer,8.09,96.97,87.57,4,3,4,3,3,41.54,51.36,79.73,0,Not Placed,0.0,2025
S0462,IT,9.34,60.4,93.86,0,1,3,0,3,95.48,72.87,71.84,1,Wipro,11.41,2026
S0463,Civil,7.85,55.73,56.1,1,0,2,2,2,91.11,41.44,73.05,0,Not Placed,0.0,2025
S0464,IT,5.15,88.12,60.42,4,3,0,1,7,71.46,85.85,98.44,0,Not Placed,0.0,2024
S0465,IT,9.65,89.71,89.08,0,0,0,1,7,53.74,74.85,67.31,1,Deloitte,3.84,2024
S0466,IT,8.45,60.17,91.69,1,1,3,2,1,47.3,77.54,72.45,0,Not Placed,0.0,2024
S0467,IT,8.38,66.42,68.88,0,1,4,4,5,61.8,43.1,80.4,0,Not Placed,0.0,2025
S0468,Electronics,6.08,55.75,52.28,2,0,3,2,7,55.33,52.66,94.52,0,Not Placed,0.0,2024
S0469,Computer,8.29,67.61,51.77,0,0,4,4,4,70.4,44.46,76.67,0,Not Placed,0.0,2025
S0470,Mechanical,6.97,88.25,75.83,3,0,0,1,2,97.98,57.33,89.75,0,Not Placed,0.0,2025
S0471,IT,8.26,77.27,67.68,0,1,2,2,3,74.5,77.65,94.25,0,Not Placed,0.0,2026
S0472,Civil,5.53,69.97,51.29,0,3,2,2,2,93.4,73.97,72.4,0,Not Placed,0.0,2026
S0473,IT,8.29,70.98,76.25,1,0,2,0,5,79.05,76.73,75.71,1,Capgemini,5.92,2025
S0474,Civil,10.0,55.06,50.51,0,2,1,2,6,68.51,72.96,74.26,1,Deloitte,8.15,2024
S0475,Electronics,5.24,67.89,85.43,0,0,5,2,7,91.28,56.38,93.31,1,Infosys,8.59,2025
S0476,Civil,9.89,82.8,63.79,0,1,2,2,7,68.28,54.67,61.77,1,Wipro,10.88,2024
S0477,Mechanical,7.03,96.89,51.81,1,0,5,3,7,92.12,48.22,72.34,0,Not Placed,0.0,2024
S0478,Computer,9.35,91.42,76.48,0,3,2,2,3,57.49,90.94,87.18,1,Wipro,7.97,2026
S0479,Civil,8.91,56.01,67.9,0,2,5,0,4,47.73,76.99,82.62,1,Tech Mahindra,3.69,2024
S0480,Civil,7.84,93.64,93.82,0,1,3,0,8,91.32,51.19,77.45,1,Wipro,11.13,2026
S0481,Computer,8.69,88.68,74.49,0,2,5,2,4,75.24,50.63,81.6,1,Accenture,8.01,2024
S0482,Mechanical,9.39,88.56,62.39,0,1,0,1,7,93.35,92.38,67.9,1,Infosys,4.3,2026
S0483,IT,7.02,74.69,81.92,0,3,4,0,4,96.27,84.56,77.23,1,Cognizant,11.92,2026
S0484,Civil,6.64,72.11,62.22,0,2,5,1,6,43.22,79.56,80.07,1,Tech Mahindra,5.6,2025
S0485,Computer,8.34,68.03,90.69,0,3,1,2,7,70.06,64.41,96.05,1,Cognizant,8.15,2025
S0486,Electronics,9.04,57.82,66.86,0,1,1,1,1,62.5,55.72,70.43,0,Not Placed,0.0,2026
S0487,Computer,8.81,64.81,74.74,2,0,2,3,3,77.55,98.77,94.71,1,Cognizant,9.39,2026
S0488,Electronics,8.99,65.6,52.28,0,1,5,2,6,87.62,87.83,85.77,0,Not Placed,0.0,2025
S0489,Mechanical,7.18,75.82,69.18,0,0,3,1,8,56.84,58.11,60.81,0,Not Placed,0.0,2024
S0490,IT,9.09,87.14,87.46,1,1,3,3,3,73.41,90.85,88.99,1,Infosys,11.52,2025
S0491,Computer,5.6,75.37,86.25,0,1,1,2,8,82.52,85.54,61.42,1,Infosys,10.36,2024
S0492,Civil,7.72,57.49,60.09,1,1,0,2,7,48.07,57.82,99.9,1,Capgemini,9.21,2026
S0493,Mechanical,5.03,96.18,60.17,0,0,4,2,6,88.84,65.59,94.91,1,Wipro,5.95,2026
S0494,Computer,6.62,95.54,86.78,0,0,1,0,7,76.37,51.16,71.89,0,Not Placed,0.0,2024
S0495,Civil,6.83,88.76,91.87,0,1,3,2,8,96.97,46.66,70.3,1,Wipro,11.82,2025
S0496,Computer,6.98,97.63,54.29,1,3,5,1,8,60.37,83.37,75.26,1,Cognizant,5.59,2024
S0497,Electronics,8.48,78.41,70.25,1,1,2,4,6,46.49,56.05,74.25,1,Capgemini,7.25,2026
S0498,Computer,6.94,96.4,65.19,0,1,3,3,7,70.39,89.2,74.89,1,Tech Mahindra,8.35,2026
S0499,Computer,7.24,58.25,89.18,0,2,1,2,1,45.15,99.74,72.73,0,Not Placed,0.0,2024
S0500,Computer,6.19,70.72,53.76,4,1,3,1,3,98.17,44.6,84.85,0,Not Placed,0.0,2025
S0501,Mechanical,6.87,64.69,59.5,0,0,1,1,6,42.32,68.38,66.57,0,Not Placed,0.0,2026
S0502,Computer,6.14,63.42,83.86,0,1,4,1,1,85.21,88.12,93.84,1,Cognizant,3.4,2024
S0503,Civil,5.37,61.05,52.31,2,0,2,2,2,71.51,87.34,92.5,0,Not Placed,0.0,2025
S0504,Electronics,8.02,81.76,72.16,1,3,3,1,7,62.12,85.6,79.06,1,Tech Mahindra,8.13,2025
S0505,Electronics,8.34,88.6,69.89,0,0,3,2,5,43.95,60.94,94.11,1,TCS,10.01,2024
S0506,Computer,8.1,79.87,65.05,1,1,1,0,6,77.33,67.23,69.89,0,Not Placed,0.0,2024
S0507,Mechanical,7.32,61.32,67.76,2,0,4,5,4,75.11,75.7,60.7,0,Not Placed,0.0,2026
S0508,Mechanical,6.9,89.88,73.85,0,0,2,0,1,56.85,98.44,84.77,0,Not Placed,0.0,2026
S0509,Civil,9.32,82.35,57.26,0,2,3,4,1,94.61,59.65,78.32,1,Deloitte,6.86,2025
S0510,Computer,7.6,71.69,75.74,0,0,1,4,6,58.25,95.39,82.69,1,Capgemini,10.19,2025
S0511,Electronics,7.4,83.99,86.24,3,0,3,2,8,66.98,56.16,95.97,1,Wipro,9.52,2026
S0512,Mechanical,5.13,66.18,84.21,1,1,1,3,1,72.63,99.34,98.8,0,Not Placed,0.0,2025
S0513,Computer,6.71,69.84,56.93,0,0,2,1,2,46.01,80.22,85.38,0,Not Placed,0.0,2024
S0514,Mechanical,6.9,94.45,56.72,2,0,2,2,1,95.93,67.81,90.56,0,Not Placed,0.0,2024
S0515,Mechanical,6.99,67.49,62.07,0,2,4,1,5,62.47,76.8,63.35,1,Wipro,6.58,2026
S0516,Electronics,7.9,75.21,66.25,0,2,2,1,5,44.85,56.35,66.43,1,Deloitte,3.55,2024
S0517,IT,7.67,93.28,68.38,0,3,4,2,8,63.24,56.45,89.33,0,Not Placed,0.0,2024
S0518,Civil,8.04,85.43,80.59,0,2,4,2,7,76.01,46.81,77.25,1,Tech Mahindra,11.98,2025
S0519,Civil,8.82,57.67,52.55,2,1,1,2,7,70.82,46.84,77.84,1,TCS,7.23,2024
S0520,Electronics,9.06,61.33,51.56,0,0,3,1,8,81.67,60.86,72.34,1,Capgemini,11.43,2026
S0521,Mechanical,8.59,55.34,67.64,1,2,1,1,4,43.33,85.77,84.29,1,Cognizant,5.25,2026
S0522,Computer,9.78,82.13,81.37,0,2,2,0,2,57.07,76.48,67.41,1,TCS,5.11,2024
S0523,Mechanical,5.09,74.25,58.7,0,2,4,0,5,89.15,46.16,85.08,0,Not Placed,0.0,2024
S0524,Electronics,5.98,60.77,78.87,4,1,3,1,8,44.79,91.13,66.95,0,Not Placed,0.0,2026
S0525,Civil,5.04,96.19,61.69,0,0,3,0,6,91.33,76.08,62.55,1,Accenture,10.29,2025
S0526,Mechanical,8.24,77.78,89.87,0,2,2,0,3,45.51,97.65,73.21,0,Not Placed,0.0,2026
S0527,Civil,9.49,65.4,90.31,0,2,2,3,3,90.07,80.21,69.25,1,Deloitte,5.13,2025
S0528,Computer,6.22,76.53,63.38,2,3,1,0,3,61.65,50.51,95.56,0,Not Placed,0.0,2025
S0529,Civil,9.64,84.22,60.35,0,0,4,2,7,76.73,68.43,62.2,1,Tech Mahindra,5.04,2026
S0530,Civil,5.3,58.28,68.51,0,0,3,1,6,49.17,78.91,67.06,0,Not Placed,0.0,2025
S0531,IT,9.67,66.81,60.82,0,0,4,4,1,43.97,41.7,81.95,0,Not Placed,0.0,2025
S0532,IT,6.76,89.7,80.26,0,2,2,2,6,52.96,40.89,79.24,0,Not Placed,0.0,2026
S0533,IT,5.51,74.77,87.17,1,0,2,1,1,47.67,47.76,61.83,0,Not Placed,0.0,2026
S0534,Civil,7.43,78.5,80.29,0,0,2,2,3,58.74,55.1,60.29,0,Not Placed,0.0,2026
S0535,Electronics,6.28,73.61,87.1,0,3,0,1,4,70.86,65.77,99.52,0,Not Placed,0.0,2026
S0536,Civil,6.42,56.89,67.86,0,0,2,2,4,75.33,69.25,86.35,1,Deloitte,7.75,2025
S0537,Electronics,6.54,62.13,57.03,0,2,4,0,8,87.39,48.28,74.62,0,Not Placed,0.0,2025
S0538,Electronics,9.02,74.16,83.21,3,1,4,5,1,79.37,80.4,78.82,0,Not Placed,0.0,2024
S0539,IT,7.7,63.99,66.22,0,2,3,1,3,76.53,75.77,70.66,0,Not Placed,0.0,2026
S0540,Mechanical,6.56,57.15,80.21,4,1,3,1,6,64.71,57.67,73.79,0,Not Placed,0.0,2024
S0541,Computer,8.05,91.28,62.18,0,3,0,3,4,68.43,40.82,85.96,0,Not Placed,0.0,2024
S0542,IT,8.58,97.19,53.66,0,3,4,1,1,64.87,44.66,95.31,0,Not Placed,0.0,2026
S0543,IT,6.36,89.11,94.67,2,0,0,3,8,90.53,63.5,67.37,0,Not Placed,0.0,2025
S0544,Mechanical,7.07,91.71,57.03,0,0,5,2,6,53.8,49.24,93.61,0,Not Placed,0.0,2024
S0545,Computer,5.61,65.41,94.48,1,0,3,3,3,40.34,62.61,64.86,0,Not Placed,0.0,2025
S0546,Civil,5.91,96.31,93.98,4,1,2,0,2,79.08,77.69,68.6,0,Not Placed,0.0,2025
S0547,Civil,8.41,63.47,85.72,0,2,5,3,3,52.15,72.83,61.49,1,Accenture,7.83,2025
S0548,IT,5.91,95.91,79.67,0,1,0,3,7,93.41,53.87,65.63,1,TCS,11.18,2024
S0549,Computer,7.63,97.78,76.0,1,1,3,1,3,91.54,60.63,96.69,1,Infosys,4.43,2024
S0550,IT,8.55,85.6,88.97,0,0,3,0,8,44.6,76.84,78.38,0,Not Placed,0.0,2025
S0551,Electronics,5.53,97.19,63.02,0,2,2,1,6,46.38,91.65,63.11,0,Not Placed,0.0,2025
S0552,IT,7.84,79.49,71.05,0,3,2,5,8,69.71,85.19,98.39,1,Deloitte,11.37,2024
S0553,IT,6.28,66.16,77.87,0,0,3,1,6,76.55,73.2,95.16,0,Not Placed,0.0,2025
S0554,Civil,9.81,73.79,68.5,1,1,4,2,5,56.49,61.74,90.19,1,Tech Mahindra,11.77,2025
S0555,Civil,7.42,80.52,69.24,0,0,0,0,5,83.01,61.9,97.34,1,Infosys,4.85,2024
S0556,Civil,9.03,58.14,64.86,0,1,5,1,6,75.69,92.77,68.81,1,Deloitte,9.17,2026
S0557,Electronics,7.75,81.76,75.39,0,1,1,2,6,59.49,42.35,93.45,0,Not Placed,0.0,2026
S0558,Civil,5.22,97.19,88.28,0,0,2,5,2,41.52,99.28,87.6,0,Not Placed,0.0,2024
S0559,Computer,8.17,63.17,59.07,0,1,2,2,2,85.01,79.86,94.79,0,Not Placed,0.0,2024
S0560,Mechanical,9.76,89.08,92.05,1,0,0,3,3,52.89,80.87,91.88,0,Not Placed,0.0,2025
S0561,Computer,8.01,94.04,81.01,0,1,1,2,8,90.07,42.28,73.86,1,Deloitte,8.77,2026
S0562,Computer,9.1,95.58,87.05,1,1,5,0,7,65.22,76.33,90.98,1,Tech Mahindra,6.81,2026
S0563,Civil,9.42,96.29,75.03,2,0,2,1,8,74.62,69.09,70.5,1,Wipro,7.07,2025
S0564,Mechanical,6.14,77.42,85.08,0,2,1,2,4,92.38,46.35,73.14,0,Not Placed,0.0,2026
S0565,Mechanical,6.06,97.02,50.73,0,2,1,5,8,91.82,56.68,64.32,0,Not Placed,0.0,2026
S0566,Mechanical,8.05,87.56,86.83,0,1,4,4,7,62.29,93.42,97.4,1,TCS,6.13,2025
S0567,Electronics,7.06,61.95,51.81,0,0,4,1,2,52.53,73.0,71.64,0,Not Placed,0.0,2024
S0568,Civil,9.2,75.51,90.05,2,2,2,1,3,86.51,64.8,80.82,1,Wipro,11.68,2025
S0569,Mechanical,9.5,85.89,94.64,2,3,0,1,7,65.98,44.36,75.65,1,Tech Mahindra,4.2,2024
S0570,Electronics,6.77,65.64,63.23,0,0,2,4,8,51.52,82.85,98.4,1,Infosys,10.07,2024
S0571,IT,6.18,82.55,59.46,0,0,1,4,1,94.27,82.17,73.4,0,Not Placed,0.0,2026
S0572,IT,8.9,83.66,84.44,3,0,1,3,5,51.89,76.84,91.14,0,Not Placed,0.0,2024
S0573,Electronics,6.37,62.0,61.39,3,1,2,1,7,41.55,70.62,94.22,0,Not Placed,0.0,2024
S0574,Electronics,9.11,79.3,88.95,0,0,2,2,4,41.22,66.03,77.42,1,TCS,4.42,2026
S0575,Civil,7.12,88.18,54.63,0,1,3,2,3,77.34,75.6,75.13,1,Wipro,10.99,2025
S0576,Civil,8.34,76.45,55.67,0,1,2,1,7,79.7,54.0,89.91,1,TCS,4.41,2024
S0577,IT,5.48,55.52,94.06,3,1,5,2,6,58.66,96.48,96.52,0,Not Placed,0.0,2025
S0578,Mechanical,8.12,55.39,80.32,0,1,5,0,8,59.2,75.33,90.2,0,Not Placed,0.0,2024
S0579,IT,7.26,70.35,88.11,0,1,3,0,1,60.37,58.67,69.09,0,Not Placed,0.0,2024
S0580,Mechanical,7.93,94.83,64.59,0,1,2,4,5,80.81,66.98,95.53,1,Capgemini,8.09,2026
S0581,Mechanical,5.84,64.83,80.44,0,0,2,3,1,43.49,88.34,75.5,0,Not Placed,0.0,2024
S0582,Civil,8.68,82.28,76.74,0,0,2,1,3,95.75,49.7,83.05,1,Infosys,9.35,2026
S0583,Computer,9.31,64.55,77.14,4,2,4,2,8,53.35,57.57,93.26,1,Deloitte,6.96,2024
S0584,Computer,6.08,68.83,80.71,0,0,3,1,2,99.98,80.77,67.54,0,Not Placed,0.0,2026
S0585,Electronics,5.48,91.47,75.89,0,2,4,3,5,50.29,58.93,91.38,0,Not Placed,0.0,2026
S0586,Civil,5.12,86.34,69.31,0,3,5,3,8,86.29,87.55,83.85,0,Not Placed,0.0,2026
S0587,Mechanical,8.21,59.1,62.42,0,0,2,3,1,53.4,47.83,95.73,1,Wipro,3.51,2025
S0588,Computer,8.04,73.43,84.59,0,1,3,3,2,44.85,85.76,66.88,0,Not Placed,0.0,2026
S0589,Mechanical,7.73,56.25,60.18,0,1,1,1,4,92.5,44.1,76.83,0,Not Placed,0.0,2026
S0590,Computer,6.16,75.68,81.16,0,2,2,1,3,91.53,40.76,93.31,1,Cognizant,5.27,2026
S0591,Computer,6.95,83.48,60.5,0,3,2,2,3,64.21,93.89,60.77,0,Not Placed,0.0,2024
S0592,Computer,7.97,60.1,78.14,0,2,2,1,5,82.14,74.88,64.49,1,Tech Mahindra,7.99,2024
S0593,Civil,7.48,67.42,83.62,0,0,4,3,1,73.42,61.11,99.62,0,Not Placed,0.0,2024
S0594,IT,9.94,72.11,59.84,3,1,1,1,4,91.18,53.96,71.22,1,Accenture,8.42,2024
S0595,Mechanical,5.68,94.54,52.7,3,1,3,0,6,58.9,77.01,99.02,0,Not Placed,0.0,2026
S0596,Civil,8.48,97.71,55.89,0,1,3,1,5,71.42,70.54,67.3,1,Tech Mahindra,4.45,2026
S0597,Civil,7.02,56.93,77.27,0,0,3,5,8,69.12,99.5,74.44,0,Not Placed,0.0,2025
S0598,Civil,7.14,87.72,88.23,2,0,2,1,6,61.23,98.99,90.11,0,Not Placed,0.0,2025
S0599,Civil,8.59,70.98,52.02,0,2,4,2,5,93.49,78.1,86.31,1,Infosys,6.79,2024
S0600,Civil,8.46,71.88,83.04,1,1,3,1,1,49.95,66.57,83.24,1,TCS,8.73,2024
S0601,Electronics,9.96,87.43,65.36,3,0,2,0,4,48.97,69.47,81.2,0,Not Placed,0.0,2025
S0602,Mechanical,5.64,94.49,71.53,0,1,1,2,1,74.61,80.95,93.74,0,Not Placed,0.0,2026
S0603,Civil,5.52,95.89,91.8,0,2,3,3,3,79.45,46.09,69.4,0,Not Placed,0.0,2025
S0604,Mechanical,8.62,79.82,64.94,3,2,4,2,6,51.68,59.7,77.7,0,Not Placed,0.0,2026
S0605,Electronics,7.89,70.36,70.94,0,0,3,4,2,63.44,44.52,66.22,0,Not Placed,0.0,2025
S0606,Electronics,6.37,88.86,50.62,0,0,4,1,7,96.79,44.4,83.84,0,Not Placed,0.0,2026
S0607,Mechanical,5.4,65.79,53.67,0,0,3,0,8,54.8,51.75,70.02,0,Not Placed,0.0,2024
S0608,Computer,5.43,79.26,61.64,0,3,1,4,3,80.1,69.12,73.35,0,Not Placed,0.0,2025
S0609,IT,9.47,70.42,51.25,1,1,0,1,3,84.41,87.09,78.85,1,Cognizant,11.89,2024
S0610,Computer,5.96,83.24,78.41,1,1,2,2,6,66.89,69.13,61.07,0,Not Placed,0.0,2025
S0611,Computer,6.62,65.34,69.19,4,1,3,3,8,96.25,60.13,63.68,0,Not Placed,0.0,2025
S0612,Computer,6.13,63.24,74.67,0,1,4,1,5,84.2,44.94,87.44,0,Not Placed,0.0,2026
S0613,Civil,6.77,94.48,57.86,0,2,2,3,3,67.48,73.02,77.16,1,Infosys,10.21,2024
S0614,Electronics,5.35,59.38,63.32,0,1,3,0,7,74.16,56.28,94.59,1,Tech Mahindra,3.45,2024
S0615,Computer,7.6,76.76,79.87,0,0,2,1,4,81.56,76.9,87.79,0,Not Placed,0.0,2026
S0616,Electronics,5.34,64.5,93.44,0,0,2,0,3,75.53,98.63,60.32,0,Not Placed,0.0,2025
S0617,Mechanical,9.0,56.67,52.27,4,1,2,3,4,92.72,46.68,84.67,0,Not Placed,0.0,2025
S0618,IT,6.17,56.55,90.07,2,3,1,1,1,61.41,52.73,63.75,0,Not Placed,0.0,2026
S0619,Mechanical,7.7,62.53,75.96,0,0,1,3,8,57.99,68.39,91.24,1,Cognizant,5.4,2025
S0620,Mechanical,9.4,92.27,75.38,0,2,1,4,5,52.83,98.12,99.66,1,Capgemini,11.48,2026
S0621,Civil,8.25,67.15,72.51,0,2,1,2,4,42.27,86.31,81.25,1,TCS,8.24,2026
S0622,IT,7.66,95.87,53.12,0,0,0,2,3,42.58,93.89,87.31,0,Not Placed,0.0,2026
S0623,Mechanical,6.62,80.01,54.04,1,0,3,2,5,92.2,60.02,69.49,0,Not Placed,0.0,2026
S0624,Mechanical,6.67,73.77,77.04,0,0,2,1,7,80.7,99.52,77.5,1,Deloitte,8.18,2024
S0625,IT,8.35,79.94,65.34,4,2,5,2,5,79.63,46.17,94.24,0,Not Placed,0.0,2025
S0626,IT,9.97,77.22,91.28,0,0,1,2,4,76.88,43.18,66.7,1,Accenture,11.88,2026
S0627,Mechanical,8.31,87.63,68.3,0,1,2,5,8,90.95,91.34,70.62,1,TCS,4.42,2024
S0628,IT,7.79,67.15,56.45,1,1,2,4,4,68.82,95.64,77.82,1,Capgemini,7.16,2026
S0629,Mechanical,8.65,70.18,82.16,0,2,0,4,2,92.22,45.44,88.49,1,Infosys,7.05,2026
S0630,Mechanical,7.33,93.45,63.2,0,0,4,4,2,61.57,46.81,75.04,0,Not Placed,0.0,2026
S0631,Civil,5.3,95.7,73.65,0,1,0,2,5,95.6,41.99,97.11,0,Not Placed,0.0,2025
S0632,Computer,7.81,93.38,81.4,0,1,5,2,6,81.92,46.27,63.78,1,Capgemini,10.95,2024
S0633,Mechanical,9.79,73.04,90.51,1,1,4,4,8,55.43,52.57,74.83,0,Not Placed,0.0,2025
S0634,Electronics,5.88,88.56,85.65,0,2,3,1,6,73.85,98.2,88.36,1,Accenture,9.15,2024
S0635,Computer,8.45,75.48,80.44,1,0,3,5,2,71.98,80.07,69.04,1,Wipro,4.11,2026
S0636,Computer,6.0,76.39,80.58,0,2,3,1,3,48.27,86.71,86.26,0,Not Placed,0.0,2026
S0637,Computer,7.68,63.8,92.57,0,1,2,2,1,75.47,86.57,66.57,1,Infosys,9.04,2026
S0638,Civil,5.48,80.42,63.31,1,1,3,3,5,58.89,72.1,62.24,0,Not Placed,0.0,2025
S0639,Mechanical,7.25,63.0,50.05,0,1,0,5,1,43.14,87.85,64.84,0,Not Placed,0.0,2024
S0640,Civil,8.78,69.26,62.24,0,1,1,1,2,96.92,75.75,97.2,1,Tech Mahindra,6.13,2025
S0641,Mechanical,6.74,91.77,59.81,0,0,3,3,4,78.49,58.87,82.07,0,Not Placed,0.0,2025
S0642,Civil,8.32,63.9,79.78,0,1,3,2,7,92.62,73.67,91.85,1,Cognizant,3.41,2025
S0643,Civil,8.98,58.06,78.52,0,1,4,1,5,80.56,72.01,73.31,1,Cognizant,11.91,2025
S0644,Electronics,9.64,57.97,76.71,0,1,1,3,2,61.42,89.41,83.71,1,Tech Mahindra,11.95,2025
S0645,Civil,6.17,95.45,50.73,0,0,4,2,8,70.76,98.9,79.8,0,Not Placed,0.0,2025
S0646,IT,7.0,76.8,82.8,0,3,2,2,3,80.54,64.66,97.83,0,Not Placed,0.0,2026
S0647,Electronics,5.76,72.6,64.56,3,1,2,1,7,97.62,85.8,89.9,0,Not Placed,0.0,2025
S0648,Civil,9.96,89.87,79.93,0,0,2,2,5,55.22,45.99,89.22,1,Wipro,9.97,2026
S0649,Computer,9.64,90.94,75.05,2,1,2,2,5,92.5,86.61,61.85,1,TCS,3.51,2024
S0650,IT,7.7,69.28,65.42,0,2,1,1,8,95.44,62.29,81.99,1,TCS,6.14,2025
S0651,IT,9.21,84.83,56.06,0,2,3,0,6,80.22,42.36,78.68,1,Wipro,10.01,2024
S0652,IT,7.6,88.16,54.25,2,1,4,5,4,95.88,61.79,97.11,1,Deloitte,5.42,2026
S0653,Electronics,8.12,83.15,87.42,0,2,2,2,5,63.87,76.64,70.29,0,Not Placed,0.0,2025
S0654,Civil,5.45,61.52,91.33,1,0,3,3,4,97.18,47.16,70.79,0,Not Placed,0.0,2024
S0655,Civil,8.78,92.66,79.24,0,1,4,1,2,82.17,95.44,76.45,1,Tech Mahindra,11.78,2026
S0656,Computer,5.64,78.18,54.65,0,2,4,1,3,42.52,44.66,69.73,0,Not Placed,0.0,2024
S0657,Computer,9.13,67.15,68.09,0,2,3,1,7,94.41,95.8,65.17,1,TCS,4.59,2025
S0658,IT,8.91,73.28,82.8,0,1,2,1,7,69.07,82.43,94.3,1,Tech Mahindra,11.43,2025
S0659,Computer,8.54,56.62,85.09,2,2,4,2,3,67.62,59.78,82.33,0,Not Placed,0.0,2025
S0660,Electronics,5.18,60.5,55.32,0,0,3,2,5,73.99,63.45,94.45,0,Not Placed,0.0,2026
S0661,Civil,6.52,87.92,50.0,3,2,2,2,5,48.96,84.45,93.25,1,Wipro,5.08,2026
S0662,IT,6.32,55.0,82.05,3,0,2,0,2,68.15,76.09,71.28,0,Not Placed,0.0,2025
S0663,Computer,6.8,72.91,66.05,0,0,4,2,6,89.87,80.3,81.91,1,Capgemini,6.04,2024
S0664,Electronics,5.44,77.47,61.45,0,0,0,0,6,40.93,63.35,63.33,0,Not Placed,0.0,2026
S0665,Electronics,9.68,57.35,50.58,2,1,5,0,6,56.38,69.27,96.61,0,Not Placed,0.0,2025
S0666,Computer,7.77,96.84,74.31,3,0,1,4,4,40.15,99.39,76.17,0,Not Placed,0.0,2026
S0667,Civil,6.53,64.72,88.3,0,0,4,2,6,64.94,52.84,75.75,0,Not Placed,0.0,2025
S0668,Computer,6.98,68.08,93.09,0,0,2,2,3,83.7,65.07,72.11,0,Not Placed,0.0,2026
S0669,IT,7.24,68.07,75.46,0,0,3,1,7,87.93,57.51,78.43,0,Not Placed,0.0,2026
S0670,Computer,8.0,64.91,73.15,1,1,4,4,7,96.71,85.91,70.07,1,Cognizant,7.91,2026
S0671,Electronics,7.58,55.06,53.83,0,1,2,2,4,76.51,85.84,74.99,1,Capgemini,7.48,2025
S0672,Computer,9.6,86.36,74.7,1,0,3,3,2,55.28,57.55,92.0,1,Tech Mahindra,3.99,2026
S0673,Civil,7.48,96.57,67.1,0,2,0,1,3,95.45,44.88,93.37,0,Not Placed,0.0,2025
S0674,Mechanical,9.96,64.64,77.32,0,2,0,5,7,86.52,40.69,72.17,1,Infosys,8.81,2026
S0675,Computer,9.26,83.51,67.49,0,2,2,3,3,74.47,65.65,78.76,1,Accenture,4.11,2024
S0676,Civil,6.04,86.9,60.81,0,0,3,4,7,81.74,64.62,94.95,1,Capgemini,11.83,2026
S0677,Civil,9.65,91.48,54.27,0,2,1,0,1,95.46,99.3,62.11,1,Deloitte,9.29,2024
S0678,Electronics,5.58,73.17,64.17,0,0,1,1,2,82.74,68.19,95.57,0,Not Placed,0.0,2024
S0679,Civil,9.09,68.03,54.35,0,0,2,1,2,62.1,55.39,68.77,1,Tech Mahindra,6.24,2026
S0680,Civil,6.9,68.99,57.96,0,0,3,1,8,82.78,93.47,87.14,1,TCS,4.62,2024
S0681,Civil,9.39,85.64,94.43,0,2,4,4,1,42.42,69.46,83.3,1,Tech Mahindra,3.41,2026
S0682,Civil,9.34,90.12,69.98,4,0,1,0,4,63.18,75.95,82.12,1,TCS,11.58,2026
S0683,IT,9.03,62.81,73.93,0,0,1,0,7,64.38,45.74,94.37,0,Not Placed,0.0,2026
S0684,IT,8.95,70.95,89.31,0,0,5,1,8,50.01,62.97,64.06,0,Not Placed,0.0,2026
S0685,Electronics,6.52,93.78,94.8,0,2,2,0,7,41.39,96.65,73.88,1,Infosys,11.13,2025
S0686,Computer,5.4,89.69,76.22,4,1,4,1,7,48.0,75.37,81.53,0,Not Placed,0.0,2025
S0687,Civil,7.01,97.35,86.56,0,0,4,3,6,79.28,60.67,92.45,0,Not Placed,0.0,2025
S0688,Computer,5.87,87.43,64.71,1,1,4,2,6,88.14,77.54,68.66,1,Accenture,11.44,2024
S0689,Computer,8.47,71.91,63.76,1,1,1,0,6,99.29,94.62,92.12,1,Accenture,4.37,2025
S0690,Electronics,6.73,80.4,68.12,0,1,4,1,6,60.78,56.44,75.99,0,Not Placed,0.0,2026
S0691,Civil,9.88,83.42,80.26,0,0,4,1,6,75.96,70.31,67.56,1,Deloitte,8.47,2024
S0692,Civil,8.2,58.37,80.7,1,2,3,0,1,96.23,97.52,90.36,1,Capgemini,5.52,2025
S0693,Mechanical,9.11,78.41,64.19,0,0,2,2,2,50.02,50.34,63.64,0,Not Placed,0.0,2026
S0694,Computer,5.66,85.5,55.99,0,1,2,3,4,83.06,83.18,80.59,0,Not Placed,0.0,2024
S0695,Computer,9.31,62.19,78.46,1,0,1,3,3,85.3,76.87,62.56,1,Capgemini,5.62,2024
S0696,IT,9.61,88.57,55.77,0,1,3,3,6,45.34,80.78,74.26,0,Not Placed,0.0,2024
S0697,Mechanical,7.44,80.1,76.03,2,1,3,0,1,91.67,61.07,84.04,0,Not Placed,0.0,2026
S0698,IT,8.03,95.95,81.2,0,1,2,5,8,88.79,58.83,82.24,1,Accenture,3.98,2026
S0699,IT,8.82,56.82,81.53,2,0,3,3,8,42.0,81.05,76.19,1,Infosys,8.75,2026
S0700,IT,5.87,66.41,83.91,0,2,2,4,7,45.47,52.93,77.16,0,Not Placed,0.0,2024
S0701,Electronics,7.51,80.87,89.28,0,0,3,0,4,42.95,65.18,69.07,1,Accenture,9.61,2026
S0702,Electronics,6.99,67.75,72.5,0,1,5,4,8,60.08,51.29,78.24,1,Infosys,10.71,2026
S0703,IT,5.73,85.72,82.86,3,2,1,3,4,70.56,40.5,98.13,0,Not Placed,0.0,2025
S0704,Mechanical,6.84,87.64,77.86,0,1,2,3,4,71.94,98.2,94.02,0,Not Placed,0.0,2025
S0705,Computer,5.34,59.41,58.4,0,2,1,0,1,56.06,65.9,65.81,0,Not Placed,0.0,2026
S0706,Mechanical,5.13,77.1,51.16,0,1,3,3,3,94.7,98.16,61.19,0,Not Placed,0.0,2025
S0707,Civil,5.68,76.88,62.8,0,1,4,5,6,62.1,48.42,97.34,0,Not Placed,0.0,2026
S0708,Electronics,9.82,70.88,69.94,0,2,5,2,4,42.73,75.24,81.07,1,TCS,5.72,2024
S0709,Computer,7.75,95.12,77.77,0,0,2,2,1,58.01,52.06,81.51,1,Cognizant,10.06,2025
S0710,Computer,9.83,90.58,88.25,0,1,5,4,7,71.87,87.4,91.23,1,Capgemini,6.96,2025
S0711,Civil,7.16,84.98,58.83,0,2,1,1,2,64.49,87.02,72.59,0,Not Placed,0.0,2025
S0712,Civil,6.56,85.72,55.65,0,1,3,2,7,56.43,46.76,79.28,0,Not Placed,0.0,2025
S0713,IT,7.53,74.85,93.36,0,0,1,2,1,47.88,94.72,98.75,0,Not Placed,0.0,2026
S0714,Electronics,7.2,94.6,54.86,1,1,4,4,1,89.15,51.68,86.89,0,Not Placed,0.0,2026
S0715,Electronics,5.53,84.87,71.53,0,2,3,0,1,99.77,76.78,66.15,1,Accenture,4.53,2026
S0716,Mechanical,8.2,86.35,76.35,0,3,3,2,4,59.77,99.14,65.33,1,Wipro,9.21,2026
S0717,IT,6.08,92.05,74.36,0,1,4,2,1,62.9,92.94,68.17,0,Not Placed,0.0,2024
S0718,IT,8.1,66.79,53.87,4,1,1,3,2,77.08,97.39,90.67,0,Not Placed,0.0,2026
S0719,IT,8.25,89.7,52.57,3,3,0,2,4,83.11,60.56,71.82,0,Not Placed,0.0,2025
S0720,IT,5.76,63.4,54.75,1,0,4,4,7,63.52,46.33,60.86,0,Not Placed,0.0,2025
S0721,Electronics,5.31,69.85,76.35,0,0,2,4,2,94.3,51.3,97.77,0,Not Placed,0.0,2024
S0722,Electronics,8.9,69.43,74.5,0,2,1,0,8,73.6,70.03,66.79,1,Deloitte,8.38,2024
S0723,IT,7.3,97.08,60.52,0,2,3,1,5,67.02,87.59,60.38,1,Wipro,6.71,2024
S0724,Mechanical,5.29,91.83,78.7,0,2,3,0,7,78.8,49.01,69.49,0,Not Placed,0.0,2024
S0725,Computer,9.97,85.15,86.9,0,1,0,1,1,97.17,79.58,69.4,1,Infosys,9.59,2024
S0726,Computer,5.29,86.26,51.87,1,0,2,2,6,87.67,59.41,76.88,0,Not Placed,0.0,2026
S0727,Mechanical,8.48,79.17,72.42,2,1,0,4,6,42.4,60.47,96.82,0,Not Placed,0.0,2024
S0728,IT,9.92,95.72,81.02,2,0,2,3,4,59.94,79.72,95.17,1,Infosys,3.46,2025
S0729,Electronics,6.2,76.34,61.35,0,0,4,0,6,68.23,68.02,78.28,0,Not Placed,0.0,2026
S0730,Computer,5.71,71.36,63.85,1,2,5,0,7,58.87,88.72,76.44,0,Not Placed,0.0,2024
S0731,Civil,5.61,62.01,77.61,0,0,3,2,4,82.01,49.36,82.2,0,Not Placed,0.0,2026
S0732,Civil,6.52,88.81,90.41,0,2,1,2,7,89.58,87.4,69.74,1,Capgemini,3.13,2026
S0733,Mechanical,5.51,86.58,86.45,1,1,5,1,1,83.88,43.85,62.09,1,Cognizant,3.79,2025
S0734,IT,8.46,71.53,76.24,0,1,3,4,3,99.36,51.64,97.57,1,Wipro,9.74,2024
S0735,Computer,5.31,56.08,82.86,0,0,1,4,3,56.35,79.37,67.47,0,Not Placed,0.0,2024
S0736,IT,7.55,91.08,66.42,0,0,5,1,2,92.5,91.3,67.94,0,Not Placed,0.0,2025
S0737,Computer,9.98,55.49,78.84,1,0,4,4,1,86.0,55.16,78.9,1,Wipro,6.95,2024
S0738,Mechanical,9.07,85.26,70.98,1,3,4,1,6,61.73,59.63,79.66,0,Not Placed,0.0,2025
S0739,Mechanical,8.08,96.72,58.55,0,2,4,3,1,84.05,72.23,60.74,1,Deloitte,9.2,2024
S0740,Civil,6.53,73.82,81.58,1,1,2,2,5,46.24,52.69,65.92,0,Not Placed,0.0,2026
S0741,IT,8.12,65.1,75.04,0,0,2,0,3,87.36,88.67,75.13,1,Deloitte,8.39,2024
S0742,Civil,7.64,85.31,66.14,0,3,3,4,6,71.94,86.42,87.35,1,Deloitte,6.72,2026
S0743,IT,7.13,90.14,91.01,1,0,2,2,7,57.54,48.72,69.14,0,Not Placed,0.0,2024
S0744,Civil,5.65,78.5,50.94,1,0,2,3,7,79.35,67.83,76.92,0,Not Placed,0.0,2026
S0745,Electronics,9.43,96.58,64.21,4,1,4,1,3,78.5,86.49,82.29,1,Wipro,11.6,2024
S0746,Electronics,7.25,57.22,52.56,0,3,4,0,1,52.57,60.24,95.54,0,Not Placed,0.0,2026
S0747,Electronics,5.97,76.71,84.49,1,0,3,0,6,41.82,77.99,73.04,0,Not Placed,0.0,2025
S0748,Electronics,6.84,85.89,81.59,0,0,4,2,2,66.02,43.01,65.34,0,Not Placed,0.0,2026
S0749,Computer,7.07,92.09,64.91,2,3,4,2,7,74.17,76.52,79.57,1,Cognizant,3.57,2024
S0750,Electronics,9.14,62.71,80.4,0,0,3,1,1,92.6,49.16,89.87,0,Not Placed,0.0,2025
S0751,Mechanical,8.67,89.4,67.82,1,0,2,2,2,95.69,89.83,64.39,1,Cognizant,6.04,2024
S0752,Mechanical,8.85,78.77,84.03,0,1,2,2,8,71.73,61.33,76.99,1,Capgemini,6.12,2025
S0753,Computer,5.06,72.05,70.44,0,2,2,3,6,85.23,56.89,60.71,0,Not Placed,0.0,2024
S0754,Electronics,7.08,60.66,68.55,0,1,1,2,3,66.36,90.45,61.34,1,Tech Mahindra,11.35,2025
S0755,Electronics,7.41,92.21,92.06,0,3,2,4,8,84.76,43.01,79.32,1,Cognizant,5.44,2024
S0756,Electronics,5.1,61.76,61.29,0,1,2,2,5,52.29,63.8,71.93,0,Not Placed,0.0,2024
S0757,Civil,6.3,68.32,55.42,2,0,3,2,8,62.26,62.2,93.8,0,Not Placed,0.0,2026
S0758,IT,8.8,67.47,76.3,0,3,5,0,4,78.05,57.09,84.09,1,Capgemini,4.54,2026
S0759,Civil,5.69,92.47,93.62,0,1,1,1,3,41.09,94.71,78.16,0,Not Placed,0.0,2025
S0760,IT,7.68,83.93,67.0,0,0,4,0,2,83.35,85.06,76.32,1,Tech Mahindra,7.71,2026
S0761,Electronics,6.08,89.26,52.79,0,1,3,2,1,90.13,43.84,79.89,0,Not Placed,0.0,2025
S0762,Electronics,5.06,65.77,65.27,0,0,1,1,8,63.95,82.88,61.62,0,Not Placed,0.0,2025
S0763,Civil,6.21,81.87,72.77,0,0,5,1,7,66.88,71.64,95.71,1,Wipro,4.59,2024
S0764,Civil,9.88,79.59,57.29,0,0,3,3,6,91.08,94.05,99.93,1,Cognizant,8.55,2024
S0765,IT,9.01,90.81,79.61,0,1,2,1,8,86.54,58.78,67.26,0,Not Placed,0.0,2026
S0766,Mechanical,9.8,93.96,94.9,0,2,4,1,3,57.29,74.45,64.82,1,Deloitte,10.12,2025
S0767,IT,7.44,55.52,70.33,0,1,2,0,7,59.44,70.05,65.74,0,Not Placed,0.0,2026
S0768,Civil,5.55,83.98,65.96,0,3,3,3,7,80.73,69.37,86.44,1,Cognizant,9.26,2025
S0769,Civil,7.74,57.23,68.03,0,0,0,0,5,73.79,67.37,86.46,0,Not Placed,0.0,2025
S0770,Computer,7.27,78.6,55.18,0,0,4,2,6,49.73,52.34,93.92,0,Not Placed,0.0,2025
S0771,Civil,9.22,67.37,89.75,3,0,2,2,8,58.6,85.34,90.07,0,Not Placed,0.0,2026
S0772,Computer,5.49,68.19,68.67,2,0,3,2,2,94.0,67.08,77.99,0,Not Placed,0.0,2024
S0773,Mechanical,7.44,70.18,67.43,1,0,2,2,6,81.29,97.51,84.51,1,Capgemini,4.63,2025
S0774,IT,5.75,81.72,79.69,0,2,3,3,8,99.16,55.65,87.53,0,Not Placed,0.0,2025
S0775,IT,6.62,69.36,69.89,1,3,4,0,6,86.02,80.96,80.51,1,Cognizant,10.23,2026
S0776,Computer,8.69,86.51,79.17,1,3,3,1,1,96.52,96.44,79.03,1,Infosys,8.6,2025
S0777,IT,7.38,72.39,52.77,1,0,3,1,4,52.97,79.81,85.8,0,Not Placed,0.0,2026
S0778,Civil,6.88,57.94,86.62,0,2,3,0,8,86.29,92.28,82.3,1,Accenture,9.37,2024
S0779,Electronics,6.97,88.7,92.32,0,0,4,1,7,41.21,89.65,85.76,1,Capgemini,5.88,2024
S0780,Computer,7.3,67.29,79.19,2,0,3,1,2,80.25,61.61,84.51,0,Not Placed,0.0,2026
S0781,IT,8.93,73.61,92.96,0,2,4,2,8,68.16,76.01,88.77,1,Infosys,9.62,2026
S0782,Computer,9.46,84.47,56.81,0,1,4,2,8,60.81,49.38,85.71,1,Tech Mahindra,10.6,2025
S0783,Computer,9.78,69.3,71.48,0,0,2,1,1,91.74,72.13,80.79,1,Cognizant,11.13,2025
S0784,Electronics,8.93,57.43,77.08,0,1,2,3,7,91.26,53.83,87.27,1,Accenture,5.13,2024
S0785,Civil,6.58,71.08,76.18,0,0,2,1,4,41.34,84.62,77.98,0,Not Placed,0.0,2026
S0786,Computer,8.44,95.61,68.07,0,2,4,1,1,76.57,71.68,69.67,1,Wipro,8.97,2024
S0787,IT,7.19,82.59,65.21,0,1,2,2,4,62.07,64.67,60.06,0,Not Placed,0.0,2026
S0788,Mechanical,6.27,83.87,55.71,0,3,3,0,4,64.94,56.13,82.4,0,Not Placed,0.0,2025
S0789,Computer,9.2,82.19,67.63,0,0,4,0,4,89.92,99.92,83.63,1,TCS,8.91,2025
S0790,Computer,5.19,63.56,57.32,0,1,2,1,1,58.59,44.3,98.88,0,Not Placed,0.0,2026
S0791,Electronics,9.51,72.99,83.05,0,1,3,4,6,96.58,42.61,74.46,1,Wipro,9.31,2026
S0792,Civil,7.31,87.29,59.4,1,1,2,3,8,50.78,53.04,75.77,0,Not Placed,0.0,2025
S0793,Mechanical,8.19,59.36,52.64,1,0,1,0,4,79.76,98.26,68.07,0,Not Placed,0.0,2026
S0794,IT,8.3,66.95,74.86,0,2,4,3,6,80.33,98.75,62.82,1,Cognizant,6.47,2026
S0795,Mechanical,9.48,66.88,76.79,0,2,1,3,8,55.13,79.3,90.91,1,Deloitte,4.46,2026
S0796,IT,8.18,73.58,89.24,0,3,2,2,7,59.49,92.81,69.99,1,Cognizant,8.32,2026
S0797,Civil,8.07,97.16,75.96,2,2,4,3,8,90.09,52.84,84.36,1,Capgemini,4.02,2025
S0798,IT,5.33,57.9,65.55,0,2,2,1,7,85.71,98.32,87.51,0,Not Placed,0.0,2026
S0799,Electronics,7.59,77.3,86.14,0,1,5,1,2,59.75,48.57,78.85,1,Deloitte,6.32,2026
S0800,Electronics,5.75,62.71,74.31,0,2,5,2,5,72.04,46.07,95.05,0,Not Placed,0.0,2025
S0801,Electronics,8.69,96.74,53.57,0,0,2,2,6,43.7,46.73,77.75,0,Not Placed,0.0,2025
S0802,Electronics,7.56,59.87,75.46,2,1,0,2,8,52.52,74.39,71.4,1,Cognizant,10.17,2025
S0803,Mechanical,8.4,72.35,90.86,1,0,4,2,7,69.15,86.86,95.84,1,Deloitte,11.23,2026
S0804,Civil,5.21,86.73,67.83,0,1,3,4,5,45.16,62.0,94.46,0,Not Placed,0.0,2026
S0805,IT,5.42,85.3,63.33,0,0,1,4,4,90.6,98.67,66.56,0,Not Placed,0.0,2025
S0806,IT,8.58,73.18,56.46,0,3,4,4,5,83.08,66.07,61.04,1,Capgemini,5.82,2025
S0807,Electronics,5.36,69.9,56.82,0,0,0,3,5,96.62,49.03,63.6,0,Not Placed,0.0,2024
S0808,Electronics,5.36,72.1,69.47,0,0,4,4,4,81.61,67.96,71.46,0,Not Placed,0.0,2024
S0809,Computer,5.06,66.36,76.81,0,1,1,0,6,96.42,80.74,98.89,0,Not Placed,0.0,2025
S0810,Civil,9.78,63.83,53.63,0,0,1,1,8,73.27,89.93,82.34,0,Not Placed,0.0,2025
S0811,Mechanical,8.69,75.77,92.28,0,0,1,2,4,76.01,67.53,74.93,0,Not Placed,0.0,2026
S0812,IT,6.77,66.55,83.98,3,0,5,3,2,98.62,75.62,95.55,0,Not Placed,0.0,2025
S0813,Computer,6.48,67.36,76.4,0,1,3,2,3,78.53,56.04,78.13,1,Tech Mahindra,4.74,2026
S0814,Computer,6.75,83.24,87.28,2,1,4,3,8,41.85,78.75,72.61,0,Not Placed,0.0,2024
S0815,IT,8.87,96.65,53.61,1,2,2,0,1,83.43,99.16,97.65,1,Cognizant,5.9,2026
S0816,Mechanical,8.31,80.96,71.46,0,2,2,1,4,94.33,42.94,93.98,0,Not Placed,0.0,2025
S0817,Computer,5.93,58.31,78.35,1,1,2,3,4,87.73,93.19,93.75,0,Not Placed,0.0,2026
S0818,Computer,5.87,58.25,87.29,0,0,3,0,5,75.03,73.74,80.49,0,Not Placed,0.0,2025
S0819,Civil,5.49,95.91,85.26,0,0,3,1,2,80.28,55.13,91.58,1,Infosys,9.56,2025
S0820,Mechanical,8.3,67.78,62.47,0,2,3,1,7,99.41,97.29,67.17,1,Infosys,3.12,2024
S0821,Computer,8.82,58.96,92.34,4,0,2,1,7,45.44,69.0,82.93,0,Not Placed,0.0,2024
S0822,Mechanical,6.33,80.76,55.6,0,0,5,3,5,80.03,59.9,99.35,1,Accenture,10.95,2026
S0823,IT,5.1,81.82,89.38,0,2,1,1,6,57.0,50.89,71.64,0,Not Placed,0.0,2025
S0824,Electronics,5.41,82.89,93.69,3,1,5,2,8,78.41,54.67,91.77,0,Not Placed,0.0,2026
S0825,Computer,9.84,66.5,57.97,0,0,0,0,4,76.46,89.97,79.62,0,Not Placed,0.0,2025
S0826,Civil,6.48,55.65,82.49,1,0,3,3,8,49.21,76.86,61.59,0,Not Placed,0.0,2026
S0827,IT,8.85,96.5,51.81,1,3,2,1,8,52.4,94.79,90.52,1,TCS,4.73,2024
S0828,Mechanical,8.12,65.79,68.24,2,2,2,2,4,77.3,53.92,66.74,0,Not Placed,0.0,2024
S0829,IT,6.91,84.07,73.23,4,2,3,3,5,47.69,47.27,85.26,0,Not Placed,0.0,2025
S0830,Computer,6.03,85.39,76.13,4,1,2,1,8,55.91,40.37,63.43,0,Not Placed,0.0,2026
S0831,Mechanical,5.61,81.23,92.12,0,1,2,4,4,90.11,70.47,97.87,1,Accenture,9.96,2025
S0832,Electronics,8.08,68.46,80.25,1,3,4,2,6,59.63,99.9,71.67,0,Not Placed,0.0,2024
S0833,IT,8.87,66.66,71.66,0,3,3,1,8,69.28,81.7,69.06,1,Infosys,6.36,2024
S0834,Computer,8.22,80.7,86.44,0,0,4,0,3,96.47,58.5,65.17,0,Not Placed,0.0,2025
S0835,Civil,7.65,92.24,92.77,0,2,2,4,1,53.63,92.61,97.84,0,Not Placed,0.0,2026
S0836,Mechanical,5.21,95.71,50.99,1,0,3,3,1,63.38,86.9,88.48,0,Not Placed,0.0,2025
S0837,IT,9.84,59.55,94.21,4,0,3,1,1,76.39,40.92,89.67,0,Not Placed,0.0,2026
S0838,IT,8.99,61.66,53.88,2,1,2,1,3,85.32,89.01,79.98,0,Not Placed,0.0,2026
S0839,Electronics,6.46,95.62,86.65,0,1,3,3,4,94.1,58.03,78.99,1,Capgemini,4.78,2026
S0840,Electronics,9.9,86.67,62.62,0,3,2,2,5,94.93,48.98,64.4,1,Accenture,10.78,2025
S0841,Civil,8.01,92.97,55.95,0,0,1,3,7,86.6,53.58,82.39,1,Cognizant,11.44,2025
S0842,Civil,7.91,63.71,69.79,1,1,2,1,2,53.7,68.11,69.88,1,Infosys,5.65,2026
S0843,Computer,8.74,80.27,78.98,1,3,1,3,4,41.49,65.49,99.09,0,Not Placed,0.0,2025
S0844,Computer,9.06,85.15,67.14,0,3,3,1,3,63.03,57.33,91.86,1,Infosys,9.72,2025
S0845,Civil,8.28,84.24,52.46,0,0,3,1,8,48.49,50.33,76.52,0,Not Placed,0.0,2026
S0846,Civil,5.64,72.55,76.98,0,1,5,2,6,82.62,85.73,66.05,0,Not Placed,0.0,2024
S0847,Mechanical,6.69,55.66,90.61,0,1,4,5,3,79.67,99.41,91.41,1,Accenture,3.92,2025
S0848,Electronics,9.64,80.07,67.24,3,0,1,1,8,42.64,86.67,64.88,1,Deloitte,11.73,2024
S0849,Computer,6.12,65.88,59.73,0,3,4,2,7,90.2,57.76,67.57,1,Tech Mahindra,11.0,2024
S0850,Electronics,6.86,74.36,69.92,0,3,4,2,1,54.92,54.69,68.46,1,Tech Mahindra,7.89,2024
S0851,Electronics,7.16,96.18,52.18,0,0,2,2,4,65.93,53.06,82.28,1,Tech Mahindra,4.5,2024
S0852,Civil,7.2,72.16,86.92,0,0,3,3,7,80.08,48.2,91.48,1,Wipro,9.59,2025
S0853,Mechanical,8.06,91.11,87.19,4,0,5,3,1,65.77,73.08,72.57,0,Not Placed,0.0,2026
S0854,IT,9.72,63.11,76.46,0,3,3,0,2,66.48,76.32,63.39,0,Not Placed,0.0,2026
S0855,Mechanical,6.2,83.92,65.89,0,0,5,5,8,43.94,82.33,78.58,0,Not Placed,0.0,2026
S0856,Mechanical,5.61,97.01,85.99,0,1,1,3,8,64.09,80.81,89.92,0,Not Placed,0.0,2025
S0857,Electronics,5.99,59.38,74.96,1,1,1,4,6,85.89,57.54,68.87,0,Not Placed,0.0,2026
S0858,Mechanical,9.43,55.36,87.17,1,1,2,2,1,94.91,59.82,68.8,0,Not Placed,0.0,2026
S0859,Computer,8.23,73.64,78.42,1,0,3,4,2,64.81,80.89,97.89,1,Tech Mahindra,6.66,2026
S0860,Electronics,6.43,58.98,85.3,0,0,4,0,8,65.42,60.97,98.17,1,Deloitte,6.11,2026
S0861,Computer,9.08,87.18,76.94,0,3,5,1,3,82.16,52.76,99.62,1,TCS,7.2,2024
S0862,IT,9.31,94.33,68.64,0,3,2,4,1,96.57,62.46,92.31,1,Cognizant,3.14,2026
S0863,Electronics,9.23,73.66,93.11,1,2,0,1,1,56.02,56.33,67.53,1,Cognizant,3.12,2026
S0864,IT,9.59,66.12,74.35,0,0,4,0,5,66.41,45.3,68.48,0,Not Placed,0.0,2025
S0865,Electronics,6.26,73.68,77.23,0,0,3,3,6,87.76,89.81,73.61,0,Not Placed,0.0,2025
S0866,Civil,8.78,86.11,59.92,2,1,1,3,6,76.58,91.19,72.73,1,TCS,3.72,2024
S0867,Mechanical,7.3,55.39,78.15,2,0,3,0,7,46.64,53.19,98.26,0,Not Placed,0.0,2024
S0868,Civil,9.21,80.35,75.72,0,3,4,4,3,77.66,43.89,91.56,1,Capgemini,7.56,2026
S0869,IT,8.64,81.37,58.32,0,1,4,2,5,51.2,84.33,88.96,1,Wipro,11.63,2026
S0870,Mechanical,8.88,82.42,52.68,0,0,3,2,7,70.61,52.69,67.44,1,Tech Mahindra,5.8,2025
S0871,Electronics,8.28,65.41,77.2,1,3,2,3,2,71.75,63.61,96.38,0,Not Placed,0.0,2025
S0872,Mechanical,5.89,85.7,84.37,1,3,5,1,7,92.57,43.85,93.11,1,Capgemini,3.52,2026
S0873,Computer,7.73,58.93,73.55,0,0,3,0,2,67.75,53.58,66.55,0,Not Placed,0.0,2025
S0874,Mechanical,9.92,63.57,60.2,0,1,2,1,3,56.77,87.57,94.85,1,Deloitte,5.43,2025
S0875,Computer,9.69,92.73,79.99,2,0,2,2,8,53.86,88.26,70.89,1,Deloitte,10.59,2024
S0876,Mechanical,5.22,86.77,53.6,2,1,4,2,6,92.46,52.43,63.23,0,Not Placed,0.0,2024
S0877,Computer,5.82,55.59,69.88,0,0,2,3,8,50.26,60.15,86.27,0,Not Placed,0.0,2025
S0878,IT,5.66,65.68,57.35,0,1,1,3,2,65.55,48.05,86.15,0,Not Placed,0.0,2026
S0879,Civil,8.63,64.22,58.3,0,3,3,2,3,51.23,44.45,63.8,1,Deloitte,10.43,2024
S0880,Electronics,9.09,66.64,59.1,0,1,2,3,8,86.4,99.53,72.75,1,Capgemini,10.72,2025
S0881,Mechanical,6.07,65.65,67.4,2,0,3,0,7,68.46,79.34,99.71,0,Not Placed,0.0,2026
S0882,Civil,7.53,57.69,52.3,1,1,1,0,2,61.07,72.53,87.14,0,Not Placed,0.0,2026
S0883,Electronics,9.2,74.73,67.9,1,0,3,4,4,61.67,85.93,89.2,1,Deloitte,9.75,2024
S0884,Electronics,8.66,86.51,73.03,0,2,2,0,1,91.13,90.4,68.52,1,Wipro,6.51,2026
S0885,Computer,7.71,81.09,71.75,2,1,0,1,7,73.23,88.4,63.15,1,TCS,10.85,2026
S0886,IT,7.95,83.93,67.23,0,0,1,2,6,83.07,40.99,71.08,1,Tech Mahindra,6.89,2026
S0887,IT,7.54,58.49,87.76,0,0,5,1,8,93.82,51.21,69.96,1,Accenture,3.03,2026
S0888,Civil,6.49,95.91,56.54,0,2,4,4,7,94.1,79.29,69.38,1,Accenture,9.81,2026
S0889,IT,7.83,91.06,72.76,0,0,2,1,4,59.71,62.55,67.71,0,Not Placed,0.0,2024
S0890,Mechanical,8.44,89.62,52.79,1,2,4,0,3,97.15,98.95,82.99,1,Infosys,11.51,2026
S0891,IT,9.37,90.39,53.2,0,0,3,1,3,41.49,79.92,73.12,0,Not Placed,0.0,2026
S0892,Civil,8.18,95.11,75.82,0,0,5,2,7,62.61,97.39,92.81,1,Cognizant,3.79,2025
S0893,IT,8.81,78.4,75.47,0,1,2,1,4,93.75,52.09,67.36,1,Capgemini,3.23,2025
S0894,Mechanical,5.8,63.61,89.51,0,3,3,2,8,56.48,91.84,78.59,0,Not Placed,0.0,2026
S0895,Computer,7.31,81.52,75.1,0,3,1,4,7,56.38,59.28,60.55,1,Wipro,7.34,2026
S0896,Civil,5.05,86.94,93.19,0,0,2,4,1,58.16,99.37,79.27,0,Not Placed,0.0,2025
S0897,Computer,6.23,86.73,52.19,2,1,5,1,1,76.74,49.46,62.23,0,Not Placed,0.0,2024
S0898,Computer,8.63,77.42,54.41,0,0,3,2,5,66.3,70.98,99.11,0,Not Placed,0.0,2026
S0899,Computer,9.96,57.94,51.98,0,1,2,2,2,83.6,87.57,91.62,1,Cognizant,5.14,2024
S0900,Electronics,5.5,70.96,58.34,0,1,1,4,5,93.69,65.96,79.6,0,Not Placed,0.0,2026
S0901,Electronics,7.01,94.59,74.36,1,3,4,5,8,80.45,68.09,63.46,1,Deloitte,3.66,2024
S0902,Computer,9.0,80.13,79.05,0,3,3,1,1,52.27,99.18,83.7,1,TCS,7.11,2025
S0903,Civil,6.02,78.15,52.05,0,1,2,3,4,95.96,65.52,90.35,0,Not Placed,0.0,2026
S0904,Mechanical,7.78,66.56,92.57,0,1,5,1,2,55.87,76.24,67.63,0,Not Placed,0.0,2024
S0905,Mechanical,8.67,70.84,87.9,0,2,0,0,8,48.99,43.27,82.73,1,Cognizant,7.65,2024
S0906,IT,8.08,93.5,63.35,0,2,2,0,4,45.4,90.53,92.57,1,Infosys,9.61,2025
S0907,Civil,5.94,83.66,53.47,1,0,5,2,8,73.8,78.89,90.73,1,Accenture,3.37,2025
S0908,Electronics,6.78,88.86,57.64,0,0,2,2,5,46.83,64.24,92.12,0,Not Placed,0.0,2026
S0909,Computer,8.92,74.54,55.71,0,1,2,0,3,48.33,40.97,95.17,1,Accenture,6.18,2025
S0910,IT,7.77,82.1,55.55,1,0,3,2,4,58.0,75.5,97.51,0,Not Placed,0.0,2025
S0911,Mechanical,5.03,65.68,73.34,1,0,4,1,5,56.9,40.76,76.22,0,Not Placed,0.0,2025
S0912,Electronics,8.8,85.33,61.06,0,0,1,2,5,76.25,40.07,82.75,0,Not Placed,0.0,2024
S0913,Electronics,5.18,73.39,66.12,0,1,5,1,5,89.0,76.97,91.63,1,Infosys,3.16,2026
S0914,Computer,8.73,74.03,94.53,0,0,4,0,3,85.68,51.34,87.89,1,Deloitte,4.23,2024
S0915,Mechanical,6.01,82.92,80.79,0,0,1,1,3,55.75,51.51,99.82,0,Not Placed,0.0,2026
S0916,Civil,9.79,95.26,92.7,1,0,4,1,7,54.72,79.2,60.55,1,Capgemini,8.55,2025
S0917,Electronics,6.84,57.75,56.42,2,2,2,2,3,97.95,43.22,74.21,0,Not Placed,0.0,2025
S0918,Computer,6.63,90.46,67.2,3,2,2,0,2,40.49,58.8,71.24,0,Not Placed,0.0,2026
S0919,Civil,5.74,67.57,74.96,0,1,4,2,3,92.78,48.97,70.49,0,Not Placed,0.0,2026
S0920,Mechanical,6.53,74.09,53.45,0,1,5,0,3,51.98,74.81,68.9,1,TCS,4.46,2026
S0921,Electronics,9.38,55.94,50.19,0,3,1,2,3,96.84,79.71,88.36,1,Accenture,7.34,2025
S0922,Civil,9.98,67.94,80.17,1,0,2,3,8,60.54,83.27,63.39,1,Accenture,5.53,2024
S0923,Civil,6.84,76.61,78.88,0,0,3,0,4,66.42,55.31,89.66,0,Not Placed,0.0,2026
S0924,Civil,7.24,57.42,68.49,0,0,2,2,3,82.43,45.35,87.74,0,Not Placed,0.0,2024
S0925,Electronics,8.61,76.12,72.03,1,0,2,0,2,75.26,44.72,70.03,0,Not Placed,0.0,2026
S0926,Electronics,9.43,94.87,68.69,1,1,1,2,8,59.08,65.57,70.11,1,Tech Mahindra,3.41,2026
S0927,IT,7.97,59.53,51.08,2,3,3,1,5,73.23,96.75,85.15,1,Infosys,6.47,2026
S0928,Mechanical,6.96,87.87,65.09,0,1,2,2,4,83.84,53.06,90.49,0,Not Placed,0.0,2026
S0929,Computer,7.06,72.62,57.97,1,1,1,2,1,42.54,55.4,95.06,0,Not Placed,0.0,2024
S0930,Civil,8.48,83.17,54.43,2,3,4,4,8,40.67,46.05,94.09,1,Capgemini,10.16,2026
S0931,IT,5.02,66.19,93.05,0,0,4,2,3,67.48,76.33,98.6,0,Not Placed,0.0,2024
S0932,Computer,8.1,61.86,76.97,0,0,3,2,8,47.91,80.79,83.26,1,Cognizant,6.04,2024
S0933,IT,6.78,61.9,82.79,0,1,2,1,7,79.86,78.58,96.35,1,Tech Mahindra,10.91,2025
S0934,Electronics,8.97,58.03,64.19,3,1,3,4,7,52.84,91.67,92.34,1,Deloitte,7.76,2024
S0935,Civil,5.46,62.98,67.69,0,0,2,3,8,65.97,69.19,95.79,0,Not Placed,0.0,2026
S0936,Computer,7.94,83.56,60.66,0,1,2,1,5,51.86,48.07,60.47,0,Not Placed,0.0,2026
S0937,Computer,7.4,92.91,54.36,0,1,4,3,5,72.91,57.36,98.64,0,Not Placed,0.0,2026
S0938,Computer,8.21,90.01,58.06,1,1,0,1,4,46.96,79.75,78.94,0,Not Placed,0.0,2024
S0939,Computer,5.32,84.46,85.89,0,1,1,3,7,41.39,76.79,91.93,0,Not Placed,0.0,2026
S0940,Computer,7.9,59.75,80.49,0,0,0,3,1,43.07,71.86,65.09,0,Not Placed,0.0,2026
S0941,IT,7.81,67.44,74.61,0,0,1,0,6,97.26,80.98,75.84,1,Cognizant,4.79,2026
S0942,Civil,7.8,68.32,71.38,2,1,1,3,7,48.54,78.24,70.86,1,Tech Mahindra,8.31,2026
S0943,Electronics,8.02,65.75,91.51,0,0,5,1,8,82.51,92.88,71.67,1,TCS,5.9,2026
S0944,Electronics,8.38,77.15,53.27,0,3,2,1,7,44.08,75.16,64.93,1,Cognizant,5.64,2024
S0945,Electronics,9.02,78.03,62.63,1,1,1,1,2,46.49,86.72,92.23,0,Not Placed,0.0,2026
S0946,Electronics,6.35,70.35,65.75,0,0,2,3,6,70.53,54.92,60.37,0,Not Placed,0.0,2026
S0947,IT,9.13,70.21,85.21,2,2,5,1,5,67.89,80.69,72.5,1,Infosys,10.01,2026
S0948,Mechanical,7.49,90.63,94.66,0,1,3,0,6,97.09,94.13,66.98,1,TCS,7.55,2025
S0949,Civil,5.39,88.94,60.83,0,0,2,3,7,96.69,63.14,83.56,1,Capgemini,11.7,2026
S0950,Computer,5.29,68.24,89.34,0,2,4,0,5,86.78,86.75,70.17,1,Wipro,9.88,2025
S0951,Mechanical,6.67,94.29,87.38,0,2,2,0,6,76.13,83.49,70.36,1,Tech Mahindra,6.1,2026
S0952,Electronics,8.92,95.97,60.11,1,1,2,1,5,67.3,43.57,79.53,0,Not Placed,0.0,2026
S0953,Mechanical,8.54,69.05,67.97,0,0,2,1,5,61.37,74.89,86.11,1,Deloitte,11.55,2024
S0954,Civil,8.94,70.24,68.44,1,1,2,2,4,96.83,47.81,64.85,0,Not Placed,0.0,2025
S0955,Computer,7.59,76.74,94.02,0,2,2,0,1,76.17,98.04,67.02,1,TCS,5.21,2026
S0956,Computer,7.2,95.47,58.14,0,0,3,5,5,74.74,88.68,69.89,1,Infosys,3.7,2026
S0957,Civil,5.74,92.68,85.96,0,0,2,3,2,53.91,46.58,98.95,0,Not Placed,0.0,2026
S0958,Civil,6.64,59.41,65.04,4,2,3,1,7,42.8,47.31,75.89,0,Not Placed,0.0,2024
S0959,Electronics,7.17,71.89,82.89,0,0,1,1,7,96.71,75.67,83.96,1,Accenture,9.15,2026
S0960,Computer,5.44,78.79,68.9,0,2,1,1,2,58.82,60.69,69.66,0,Not Placed,0.0,2024
S0961,Mechanical,6.1,76.63,76.03,0,1,2,2,3,66.56,42.09,79.62,0,Not Placed,0.0,2026
S0962,IT,7.99,63.34,87.47,0,1,5,0,5,46.88,72.5,62.96,1,Wipro,3.58,2024
S0963,IT,8.68,91.93,86.19,0,0,2,0,8,90.22,63.27,61.39,0,Not Placed,0.0,2026
S0964,Civil,9.99,84.11,88.99,2,2,3,4,5,41.66,46.06,78.75,1,Cognizant,7.0,2025
S0965,Electronics,9.67,91.03,52.68,0,1,2,1,5,90.04,88.12,75.95,1,Accenture,6.66,2026
S0966,IT,8.21,91.93,81.14,2,1,1,1,8,48.42,94.9,65.48,1,Cognizant,9.44,2026
S0967,Computer,7.11,87.18,56.3,0,1,1,4,6,93.19,85.4,87.5,1,TCS,7.09,2026
S0968,Civil,8.18,73.89,68.71,1,2,2,2,5,83.79,89.35,99.72,0,Not Placed,0.0,2025
S0969,Mechanical,8.93,81.25,74.69,2,3,1,1,5,49.88,52.99,75.83,0,Not Placed,0.0,2026
S0970,Civil,5.59,61.9,68.12,0,1,1,2,2,73.95,55.81,84.98,0,Not Placed,0.0,2025
S0971,Mechanical,7.05,83.97,73.38,3,1,4,0,1,58.76,52.51,98.52,0,Not Placed,0.0,2024
S0972,Civil,9.2,62.71,94.84,0,3,0,3,1,50.69,85.9,93.26,1,Cognizant,5.71,2026
S0973,Civil,6.92,84.84,56.08,3,1,3,2,3,91.55,96.88,78.54,0,Not Placed,0.0,2026
S0974,Civil,7.86,64.87,80.4,1,0,2,3,2,64.21,83.01,89.5,1,Wipro,11.45,2024
S0975,Mechanical,7.94,60.05,67.82,0,0,3,5,5,63.91,92.89,65.13,0,Not Placed,0.0,2024
S0976,Mechanical,5.92,62.11,55.99,0,2,3,4,1,50.19,78.32,80.48,0,Not Placed,0.0,2026
S0977,Civil,6.81,55.09,57.14,0,1,2,4,4,62.98,63.26,71.16,0,Not Placed,0.0,2026
S0978,IT,6.67,85.91,92.72,0,1,2,2,4,92.3,65.55,66.45,1,Capgemini,9.34,2024
S0979,Electronics,5.13,86.49,89.58,0,1,4,1,4,61.79,44.52,77.05,0,Not Placed,0.0,2026
S0980,Electronics,5.12,77.14,90.82,0,0,4,2,5,97.1,41.89,65.24,0,Not Placed,0.0,2026
S0981,Electronics,9.16,61.94,94.62,0,1,1,2,5,96.78,81.73,87.96,1,Capgemini,4.98,2024
S0982,Mechanical,6.37,58.59,59.37,1,0,1,4,8,48.69,66.31,78.25,0,Not Placed,0.0,2025
S0983,Mechanical,7.59,55.82,65.99,0,1,4,1,3,50.64,73.13,81.25,1,Cognizant,6.55,2026
S0984,IT,6.49,62.13,80.11,0,1,2,4,7,91.76,73.46,65.86,0,Not Placed,0.0,2026
S0985,Electronics,9.7,93.31,71.77,0,1,3,3,3,63.57,56.64,65.59,1,Accenture,7.5,2026
S0986,Electronics,6.3,65.39,68.83,0,2,2,5,3,40.26,68.55,83.34,0,Not Placed,0.0,2025
S0987,Civil,7.15,70.23,66.1,0,2,1,4,6,56.43,68.25,99.4,1,Infosys,9.23,2024
S0988,Mechanical,9.36,59.53,76.72,0,2,3,1,4,75.86,63.31,63.85,1,Tech Mahindra,4.15,2025
S0989,Electronics,9.21,64.56,75.9,3,0,3,0,5,87.96,89.24,71.43,1,Deloitte,10.44,2026
S0990,IT,5.93,77.33,57.27,1,0,2,0,4,48.0,67.07,94.78,0,Not Placed,0.0,2025
S0991,IT,9.01,81.13,71.23,0,1,3,1,3,46.63,76.22,62.89,1,Capgemini,4.48,2025
S0992,Electronics,7.29,65.55,74.91,1,3,4,2,5,95.33,93.73,95.04,1,Wipro,6.68,2024
S0993,Mechanical,7.41,57.48,75.66,0,2,3,3,2,85.07,91.97,80.97,1,Capgemini,6.46,2025
S0994,IT,5.67,71.81,59.45,1,2,1,4,8,75.39,93.43,76.33,0,Not Placed,0.0,2024
S0995,Civil,5.4,65.07,83.4,1,0,3,2,1,86.15,56.2,72.39,0,Not Placed,0.0,2024
S0996,IT,8.64,64.44,51.13,0,1,4,0,1,65.73,42.1,71.88,0,Not Placed,0.0,2026
S0997,Computer,7.48,96.27,65.97,0,1,4,0,3,85.51,55.66,72.23,0,Not Placed,0.0,2024
S0998,Computer,7.18,81.5,85.11,0,0,3,0,7,62.31,56.72,95.39,1,Deloitte,3.19,2026
S0999,Mechanical,8.65,78.95,75.38,0,0,1,1,4,54.65,94.56,88.95,1,Accenture,9.47,2024
S1000,Electronics,8.83,72.88,61.75,2,3,4,2,2,83.74,78.95,86.79,1,Wipro,11.9,2025
S1001,Mechanical,5.79,73.44,81.27,0,0,3,0,5,65.18,44.9,91.95,0,Not Placed,0.0,2025
S1002,Mechanical,8.05,78.26,75.53,2,0,0,1,7,98.88,48.12,70.28,1,Infosys,8.79,2024
S1003,Mechanical,5.68,84.95,85.83,4,0,2,0,4,60.97,49.34,84.72,0,Not Placed,0.0,2024
S1004,Mechanical,8.76,85.19,83.08,0,3,2,2,3,95.3,77.83,78.4,1,Infosys,5.21,2026
S1005,Civil,8.28,62.38,77.45,1,1,3,2,4,95.98,84.12,91.3,1,Wipro,4.35,2024
S1006,Civil,9.78,76.5,71.97,1,1,2,2,3,54.51,91.58,72.37,1,Cognizant,10.54,2024
S1007,IT,5.34,72.71,55.99,4,3,3,1,6,87.89,96.44,85.73,0,Not Placed,0.0,2026
S1008,Computer,5.29,92.43,61.76,4,0,5,5,1,65.98,52.1,95.29,0,Not Placed,0.0,2025
S1009,Mechanical,6.41,82.15,68.86,1,1,4,1,7,95.05,58.59,76.09,1,Cognizant,6.43,2026
S1010,IT,6.31,77.9,76.97,0,0,5,2,1,67.01,54.42,62.66,0,Not Placed,0.0,2024
S1011,Computer,6.23,59.96,73.12,1,0,5,3,4,84.66,61.53,80.64,0,Not Placed,0.0,2024
S1012,Electronics,9.53,81.04,62.97,0,2,0,2,2,68.02,94.88,73.84,0,Not Placed,0.0,2026
S1013,Civil,6.25,60.04,50.29,1,2,3,4,5,53.67,74.51,86.89,0,Not Placed,0.0,2026
S1014,Computer,6.36,69.5,72.33,2,1,2,1,3,51.96,84.29,98.04,0,Not Placed,0.0,2024
S1015,Electronics,8.8,61.14,62.85,0,1,4,2,5,65.53,69.41,79.42,1,Accenture,5.02,2025
S1016,Computer,7.25,84.76,83.06,0,1,2,0,1,85.33,41.73,78.65,0,Not Placed,0.0,2024
S1017,Civil,8.88,63.87,51.08,0,0,5,2,8,76.3,43.85,86.18,1,Wipro,10.87,2024
S1018,Civil,5.33,71.85,76.32,0,0,3,1,2,81.32,72.28,64.14,0,Not Placed,0.0,2026
S1019,IT,7.44,93.51,92.37,0,0,4,0,2,56.94,83.13,70.14,1,Tech Mahindra,4.52,2024
S1020,Mechanical,5.17,63.79,57.85,1,0,1,2,5,68.89,52.92,96.76,0,Not Placed,0.0,2026
S1021,Computer,5.31,76.84,71.22,3,2,1,2,1,42.66,83.31,86.8,0,Not Placed,0.0,2024
S1022,Computer,9.53,73.03,54.11,3,0,4,0,8,89.05,88.64,60.54,1,Wipro,10.35,2026
S1023,Electronics,5.7,55.78,78.16,0,0,0,2,5,99.39,64.71,68.19,0,Not Placed,0.0,2025
S1024,Civil,7.66,89.09,74.77,2,1,4,2,4,64.41,84.79,87.31,1,Capgemini,6.08,2026
S1025,Computer,7.06,57.97,68.33,1,2,0,0,2,40.66,64.24,90.58,0,Not Placed,0.0,2024
S1026,Civil,6.74,75.39,73.46,0,0,3,2,2,50.19,80.7,93.59,0,Not Placed,0.0,2026
S1027,Computer,9.5,79.11,90.35,0,0,2,3,4,79.15,85.84,71.69,1,Tech Mahindra,3.74,2026
S1028,IT,5.11,82.02,58.83,0,1,3,2,1,76.72,99.52,97.24,0,Not Placed,0.0,2025
S1029,Mechanical,8.32,84.61,51.02,2,2,3,1,2,87.27,60.72,82.12,0,Not Placed,0.0,2026
S1030,Computer,9.82,65.89,88.77,0,1,2,1,7,55.23,64.66,87.86,1,Infosys,6.4,2026
S1031,Civil,7.8,55.43,75.97,1,2,1,2,8,85.82,49.94,83.87,1,Infosys,3.15,2026
S1032,IT,9.68,86.11,90.08,0,3,1,4,6,81.28,52.24,64.91,1,Deloitte,3.74,2025
S1033,Computer,5.26,78.03,76.86,1,2,3,2,6,59.37,81.6,98.52,1,Capgemini,11.02,2026
S1034,Electronics,7.09,90.95,86.46,0,1,3,0,6,72.73,95.02,64.92,1,Deloitte,7.88,2026
S1035,Mechanical,6.3,90.32,69.34,0,1,4,2,3,48.84,63.68,70.2,0,Not Placed,0.0,2024
S1036,Computer,8.65,91.26,83.74,0,0,3,4,7,67.15,50.79,92.55,1,Infosys,6.19,2025
S1037,IT,9.91,75.86,91.09,0,3,2,0,3,92.87,57.11,84.74,1,Capgemini,3.35,2026
S1038,Electronics,6.28,69.35,75.75,1,1,2,5,1,65.27,67.3,93.53,0,Not Placed,0.0,2025
S1039,IT,8.27,89.04,58.14,0,0,0,4,4,90.37,57.44,80.63,0,Not Placed,0.0,2025
S1040,IT,5.99,74.41,62.1,1,1,2,0,5,75.42,54.01,75.08,0,Not Placed,0.0,2025
S1041,Electronics,7.83,62.89,58.94,0,0,5,4,7,51.51,84.16,96.87,0,Not Placed,0.0,2026
S1042,IT,7.32,91.76,61.11,0,1,4,1,8,74.87,40.47,61.45,1,Cognizant,3.01,2026
S1043,Electronics,9.86,92.95,63.79,0,1,2,3,1,70.36,72.35,94.25,1,Infosys,8.83,2026
S1044,Computer,8.04,75.05,74.98,0,1,3,1,5,63.92,87.63,69.23,1,Infosys,4.35,2026
S1045,Electronics,6.75,58.26,76.46,2,2,4,1,1,47.18,55.97,93.95,0,Not Placed,0.0,2025
S1046,Electronics,5.57,71.68,69.19,0,0,2,2,3,65.0,76.2,65.57,0,Not Placed,0.0,2024
S1047,Mechanical,5.76,89.55,77.69,1,1,0,3,6,44.37,80.13,83.21,0,Not Placed,0.0,2024
S1048,Electronics,6.13,93.78,53.67,4,1,1,0,4,45.93,79.3,95.52,0,Not Placed,0.0,2024
S1049,Electronics,6.25,63.75,53.95,0,1,3,2,3,64.95,66.75,78.94,0,Not Placed,0.0,2024
S1050,Computer,9.25,57.88,57.73,0,2,5,0,4,58.32,60.79,89.86,1,Wipro,11.88,2026
S1051,Mechanical,7.81,92.73,73.31,1,1,3,1,7,95.53,90.16,92.19,1,Wipro,3.67,2026
S1052,Civil,7.62,71.74,59.63,3,1,1,1,5,62.54,85.51,89.46,0,Not Placed,0.0,2026
S1053,Computer,5.57,78.3,62.75,2,0,1,2,1,85.47,59.28,97.01,0,Not Placed,0.0,2026
S1054,Computer,9.3,96.63,68.01,0,3,4,1,2,71.81,46.18,77.87,1,Tech Mahindra,4.49,2026
S1055,Civil,8.61,57.86,86.53,1,1,4,0,2,82.25,44.31,66.93,0,Not Placed,0.0,2026
S1056,Electronics,5.34,82.88,50.62,0,2,3,0,4,55.61,45.66,61.91,0,Not Placed,0.0,2025
S1057,IT,8.54,58.19,79.22,4,0,3,0,6,96.51,74.97,69.86,1,TCS,5.8,2024
S1058,Mechanical,7.72,71.15,80.1,3,0,0,2,6,71.81,43.1,65.73,0,Not Placed,0.0,2025
S1059,IT,5.41,89.56,85.94,0,1,4,5,4,89.88,60.22,82.32,0,Not Placed,0.0,2024
S1060,Civil,7.29,73.64,91.97,0,2,4,0,3,61.9,85.19,67.4,1,TCS,3.87,2025
S1061,Computer,7.42,97.88,50.91,0,1,2,4,2,46.01,57.66,61.56,0,Not Placed,0.0,2026
S1062,Computer,5.83,79.04,56.92,0,3,4,3,3,80.42,85.8,61.44,0,Not Placed,0.0,2025
S1063,Mechanical,9.73,68.81,89.88,1,1,2,2,5,40.47,84.73,93.26,1,Cognizant,8.85,2024
S1064,Computer,9.25,64.46,70.63,0,1,0,2,2,68.52,54.75,83.66,1,Cognizant,4.1,2026
S1065,Computer,8.35,70.07,75.41,0,0,2,3,5,51.57,83.73,74.32,0,Not Placed,0.0,2026
S1066,Mechanical,7.31,71.02,79.84,0,2,1,0,1,77.64,84.87,95.77,1,Capgemini,7.43,2024
S1067,Mechanical,7.06,57.95,80.56,4,0,2,2,3,98.77,63.85,62.81,0,Not Placed,0.0,2024
S1068,Civil,8.25,70.89,91.93,0,2,2,2,4,67.86,52.63,99.21,1,Tech Mahindra,5.72,2026
S1069,Computer,7.73,74.96,94.86,0,3,3,2,2,89.05,71.28,84.65,1,Wipro,10.21,2024
S1070,Computer,5.31,86.08,82.41,0,3,3,3,3,70.47,95.28,67.34,1,Cognizant,6.84,2026
S1071,Civil,7.56,83.24,62.92,4,1,2,0,4,69.75,78.38,87.16,0,Not Placed,0.0,2025
S1072,Electronics,9.03,85.48,89.59,1,1,0,2,1,95.83,50.38,90.54,0,Not Placed,0.0,2025
S1073,Electronics,7.3,55.36,52.21,0,2,3,2,2,93.4,80.97,77.17,0,Not Placed,0.0,2025
S1074,Electronics,5.26,64.36,60.4,0,0,2,1,5,87.15,65.63,94.47,0,Not Placed,0.0,2026
S1075,Civil,8.93,83.45,90.38,0,1,2,1,1,57.78,75.49,66.03,0,Not Placed,0.0,2026
S1076,Computer,6.01,75.81,61.53,0,0,4,2,6,72.7,84.04,71.15,1,Cognizant,11.15,2025
S1077,Civil,6.29,55.23,59.93,0,1,4,4,4,53.43,70.9,63.74,0,Not Placed,0.0,2024
S1078,Civil,5.82,89.59,56.22,3,0,4,2,8,66.64,88.84,68.44,0,Not Placed,0.0,2024
S1079,Electronics,6.65,88.23,88.66,0,0,3,3,2,69.05,83.33,69.55,0,Not Placed,0.0,2026
S1080,IT,8.78,78.58,72.5,2,1,1,1,2,89.9,76.9,96.71,0,Not Placed,0.0,2025
S1081,Computer,7.6,57.86,80.37,0,1,3,0,7,93.76,49.05,63.12,1,Deloitte,8.33,2024
S1082,Electronics,6.02,87.96,60.76,1,1,2,0,7,64.88,90.16,77.1,0,Not Placed,0.0,2025
S1083,IT,9.39,80.1,84.11,1,0,2,0,1,41.06,96.15,81.3,1,Infosys,8.15,2025
S1084,IT,9.4,88.62,84.2,0,1,1,1,2,91.71,48.22,95.95,1,Infosys,4.05,2026
S1085,Mechanical,9.35,87.33,64.07,0,0,4,1,4,50.46,69.29,99.91,1,TCS,8.18,2026
S1086,Computer,6.19,89.53,68.48,0,1,1,3,1,77.31,55.53,90.14,0,Not Placed,0.0,2024
S1087,IT,7.26,77.27,59.44,0,1,5,3,5,41.5,85.27,98.83,0,Not Placed,0.0,2024
S1088,Electronics,9.92,61.03,93.95,0,1,4,0,1,63.97,83.3,91.48,1,Accenture,8.63,2025
S1089,Mechanical,8.86,83.86,79.05,0,2,3,1,1,99.16,48.45,98.53,0,Not Placed,0.0,2024
S1090,Computer,5.14,81.68,92.05,4,0,4,1,8,46.04,92.62,88.29,0,Not Placed,0.0,2026
S1091,Civil,5.33,86.92,63.65,0,2,3,2,5,65.42,50.86,63.19,0,Not Placed,0.0,2025
S1092,Electronics,7.32,62.3,85.19,1,1,4,0,6,58.43,87.84,76.08,0,Not Placed,0.0,2025
S1093,IT,9.55,63.38,84.46,0,1,2,0,7,94.31,67.42,85.86,1,Deloitte,7.13,2025
S1094,IT,7.69,93.29,81.12,1,1,4,4,4,92.16,59.7,74.03,1,Deloitte,7.92,2026
S1095,Electronics,7.49,87.25,93.45,0,0,3,3,6,54.26,49.49,70.94,0,Not Placed,0.0,2026
S1096,IT,5.53,94.05,67.71,2,1,5,0,6,44.87,50.06,83.1,0,Not Placed,0.0,2026
S1097,Mechanical,8.28,87.62,55.88,0,1,3,1,6,77.63,79.71,97.34,1,Deloitte,8.24,2026
S1098,Computer,9.11,80.68,80.23,0,0,3,1,7,60.18,73.03,61.4,1,Tech Mahindra,9.48,2026
S1099,Mechanical,6.9,83.13,82.82,0,0,4,3,3,80.33,47.33,90.77,1,Infosys,4.1,2026
S1100,IT,8.88,93.23,75.88,0,0,4,2,7,41.93,46.76,88.91,1,Tech Mahindra,10.08,2024
S1101,Civil,9.82,79.89,59.31,0,3,3,0,6,48.0,44.34,98.56,1,Wipro,5.47,2024
S1102,Computer,6.02,82.19,72.7,0,1,1,3,3,81.18,84.63,97.23,0,Not Placed,0.0,2026
S1103,Computer,7.62,61.73,64.05,0,0,3,1,5,52.74,82.71,90.49,0,Not Placed,0.0,2026
S1104,Electronics,6.44,75.38,69.24,2,1,5,1,7,91.46,43.51,80.82,0,Not Placed,0.0,2026
S1105,Electronics,8.96,85.81,79.03,0,1,4,1,4,43.52,73.62,68.17,1,Accenture,7.99,2026
S1106,Civil,7.89,66.65,83.53,0,2,4,2,6,52.93,45.08,81.81,1,Cognizant,7.7,2025
S1107,Computer,8.17,63.7,60.45,1,0,0,1,2,99.91,94.22,90.61,1,Tech Mahindra,9.12,2025
S1108,Civil,8.99,68.49,68.24,0,0,3,1,5,65.98,94.43,95.83,1,Wipro,11.29,2026
S1109,Electronics,6.98,65.38,62.11,0,2,3,1,3,82.18,81.89,91.59,1,Infosys,9.75,2026
S1110,Electronics,9.58,64.24,58.94,0,0,4,0,7,50.96,95.57,67.81,1,Cognizant,8.71,2025
S1111,Computer,7.67,73.27,85.25,3,0,0,3,4,76.59,88.69,83.99,0,Not Placed,0.0,2025
S1112,Mechanical,5.79,94.04,90.92,2,3,4,0,1,83.57,89.71,73.29,0,Not Placed,0.0,2025
S1113,IT,8.48,76.8,66.66,2,1,3,0,4,58.87,74.18,60.37,1,Wipro,4.45,2025
S1114,Electronics,8.97,63.08,83.81,0,0,1,2,4,89.73,58.36,68.01,0,Not Placed,0.0,2025
S1115,Electronics,6.58,58.31,90.36,1,0,2,3,6,76.21,53.07,64.53,1,TCS,8.2,2026
S1116,Mechanical,9.29,84.93,88.08,0,0,2,3,6,63.35,59.63,93.71,1,Capgemini,8.7,2024
S1117,Mechanical,9.53,71.46,58.23,0,0,3,2,7,73.46,77.71,70.34,0,Not Placed,0.0,2026
S1118,Civil,6.38,90.34,93.03,0,2,1,1,7,74.61,50.36,71.39,0,Not Placed,0.0,2026
S1119,Civil,9.92,83.36,66.95,0,1,1,3,8,49.93,55.52,98.4,1,Deloitte,7.25,2026
S1120,IT,5.7,89.24,65.27,0,2,4,2,3,64.16,68.08,75.16,1,Deloitte,10.32,2026
S1121,IT,6.01,66.69,52.81,0,3,1,1,8,60.61,53.98,60.38,0,Not Placed,0.0,2026
S1122,Computer,5.92,84.77,71.88,0,1,2,4,7,64.05,75.32,71.35,1,Capgemini,6.82,2026
S1123,Civil,9.47,66.35,54.91,0,0,3,0,3,85.67,95.39,64.77,0,Not Placed,0.0,2025
S1124,Electronics,8.27,95.38,61.18,1,1,3,5,6,68.95,84.89,64.11,1,Infosys,9.83,2026
S1125,Civil,5.76,82.36,64.26,0,3,4,4,6,96.42,79.99,63.1,1,Capgemini,11.87,2024
S1126,Electronics,7.2,68.95,86.4,1,2,2,2,2,57.62,74.96,83.73,0,Not Placed,0.0,2026
S1127,Mechanical,8.08,66.59,89.4,0,0,4,4,2,64.94,69.28,67.57,0,Not Placed,0.0,2025
S1128,Civil,5.42,63.21,63.61,1,1,3,3,5,87.22,51.19,74.45,0,Not Placed,0.0,2024
S1129,Mechanical,9.41,84.87,88.64,0,1,1,0,6,72.76,93.68,94.48,1,Accenture,7.65,2025
S1130,IT,9.02,64.4,88.58,0,3,1,1,1,72.82,54.91,76.97,1,Cognizant,10.63,2026
S1131,IT,7.53,80.6,84.41,0,0,2,0,2,43.2,45.48,96.63,0,Not Placed,0.0,2024
S1132,Computer,9.84,66.38,56.6,0,1,2,1,3,63.92,85.0,79.92,0,Not Placed,0.0,2026
S1133,Civil,7.09,83.46,81.06,1,2,4,3,4,56.24,50.54,75.95,0,Not Placed,0.0,2026
S1134,Mechanical,9.92,90.04,92.53,0,1,3,1,7,99.96,62.31,90.02,1,Deloitte,7.42,2025
S1135,Electronics,8.34,88.46,80.71,0,1,2,1,7,58.5,41.7,62.93,1,TCS,7.71,2026
S1136,IT,8.17,87.72,64.92,2,0,1,2,5,93.07,48.22,63.58,0,Not Placed,0.0,2025
S1137,IT,5.83,63.07,72.53,1,0,2,4,2,80.57,50.39,86.08,0,Not Placed,0.0,2025
S1138,Electronics,9.41,58.8,79.06,0,0,3,0,4,60.45,43.26,79.48,1,Deloitte,6.45,2026
S1139,Mechanical,7.14,85.05,72.98,0,3,2,1,4,72.61,79.4,91.62,1,TCS,9.25,2025
S1140,Mechanical,5.81,70.84,55.4,0,0,3,0,2,90.43,90.22,96.65,0,Not Placed,0.0,2026
S1141,Civil,5.06,73.59,64.04,0,1,1,2,1,93.0,62.4,75.53,0,Not Placed,0.0,2026
S1142,Civil,7.8,56.34,86.11,0,1,3,0,1,49.62,92.47,83.86,0,Not Placed,0.0,2026
S1143,Computer,7.64,66.16,88.76,4,0,4,2,5,60.37,52.8,80.03,1,Deloitte,11.52,2026
S1144,IT,8.6,56.45,56.18,0,1,2,1,8,60.11,59.52,99.26,0,Not Placed,0.0,2026
S1145,Civil,9.45,92.8,92.86,0,2,3,0,1,42.52,49.04,93.24,1,Wipro,3.67,2024
S1146,Mechanical,5.4,65.47,64.8,0,2,5,4,5,75.89,77.23,96.47,1,Tech Mahindra,7.8,2024
S1147,Electronics,8.66,78.97,79.8,2,1,2,0,8,91.29,65.19,70.17,1,Capgemini,7.6,2025
S1148,Mechanical,5.94,56.68,83.83,1,1,3,1,8,62.89,76.8,90.9,0,Not Placed,0.0,2026
S1149,IT,9.29,83.67,86.54,0,0,1,0,3,84.4,85.7,70.62,1,Infosys,3.0,2024
S1150,Mechanical,9.1,68.89,92.56,1,3,3,2,8,77.66,72.74,68.35,1,Wipro,3.94,2026
S1151,Computer,7.7,93.61,64.08,0,0,1,2,2,62.54,77.66,97.77,0,Not Placed,0.0,2024
S1152,IT,8.55,93.19,88.63,0,2,5,1,8,48.46,96.12,60.77,1,Infosys,7.59,2024
S1153,Electronics,6.57,68.99,55.93,0,0,4,0,4,82.56,57.94,98.62,0,Not Placed,0.0,2024
S1154,Computer,7.36,93.74,81.73,0,3,4,1,5,91.27,61.55,65.97,1,Capgemini,4.4,2026
S1155,IT,9.11,97.83,83.39,0,2,4,2,7,81.15,83.06,92.78,1,Infosys,7.72,2026
S1156,Electronics,7.3,90.49,80.5,2,2,3,3,1,41.07,76.68,71.04,1,Tech Mahindra,3.38,2025
S1157,Computer,6.79,91.33,61.35,0,0,2,2,7,52.97,50.71,74.03,1,Capgemini,5.69,2026
S1158,Computer,7.47,65.71,89.29,3,1,4,2,5,44.17,62.57,68.67,1,Tech Mahindra,9.59,2024
S1159,IT,9.14,79.8,57.6,0,1,5,1,6,74.22,68.07,83.42,1,TCS,11.06,2026
S1160,Civil,6.68,57.89,52.41,0,2,3,1,5,85.39,65.16,73.92,0,Not Placed,0.0,2024
S1161,Computer,5.87,59.08,82.29,0,0,5,0,1,46.63,50.7,86.3,0,Not Placed,0.0,2025
S1162,Computer,8.56,97.95,71.4,0,3,3,1,6,90.3,95.47,60.63,1,Capgemini,4.99,2026
S1163,Electronics,9.13,69.05,88.21,0,2,3,1,6,73.33,85.74,62.57,1,TCS,11.84,2026
S1164,Mechanical,5.5,87.17,67.25,0,0,3,2,8,81.4,68.88,63.99,0,Not Placed,0.0,2024
S1165,IT,6.2,89.69,57.57,0,2,2,2,1,98.28,80.8,76.76,1,Capgemini,9.52,2024
S1166,IT,5.71,91.9,87.64,0,1,0,4,6,45.02,93.84,92.59,0,Not Placed,0.0,2026
S1167,Civil,6.74,97.9,74.7,1,1,2,0,2,94.07,48.17,95.53,0,Not Placed,0.0,2026
S1168,Civil,7.25,65.38,58.51,0,0,3,2,4,47.57,55.02,69.79,0,Not Placed,0.0,2026
S1169,IT,8.74,56.74,82.42,0,1,2,3,7,63.58,72.56,82.97,1,Deloitte,3.43,2026
S1170,Civil,8.26,72.68,73.0,0,2,2,2,2,91.09,87.94,90.73,1,Wipro,5.42,2026
S1171,Electronics,8.1,60.59,77.19,3,1,5,1,2,94.38,42.18,71.55,0,Not Placed,0.0,2025
S1172,IT,6.76,55.96,70.74,1,1,2,1,1,70.38,99.04,76.36,1,Tech Mahindra,7.89,2025
S1173,Civil,9.21,70.5,87.29,0,1,3,0,8,75.65,67.29,80.96,1,Infosys,5.01,2024
S1174,IT,7.36,88.7,87.33,0,2,1,1,1,82.49,61.55,65.39,1,TCS,6.37,2025
S1175,Mechanical,9.9,79.35,81.92,0,0,0,3,7,89.97,57.56,61.04,1,Wipro,7.2,2026
S1176,Computer,8.17,68.45,54.74,4,2,4,0,4,47.29,50.46,66.11,0,Not Placed,0.0,2026
S1177,IT,5.63,83.14,87.75,1,1,3,1,5,88.6,87.49,85.07,0,Not Placed,0.0,2025
S1178,Computer,8.38,64.98,80.2,0,0,4,3,2,68.88,97.32,62.94,1,Wipro,5.44,2025
S1179,Civil,6.63,55.62,81.37,0,0,1,3,6,67.04,64.82,67.59,1,Capgemini,8.63,2026
S1180,Computer,8.43,87.87,66.33,0,1,3,2,4,65.43,97.15,73.51,1,Cognizant,6.42,2026
S1181,IT,5.35,81.82,89.57,3,2,2,2,2,70.55,89.43,63.11,0,Not Placed,0.0,2025
S1182,Mechanical,5.87,87.78,82.64,0,1,2,1,5,96.7,68.86,67.67,0,Not Placed,0.0,2026
S1183,Civil,9.28,56.67,55.07,0,2,0,0,8,72.89,80.44,96.45,1,Cognizant,11.84,2024
S1184,IT,6.14,91.0,68.35,0,0,1,1,6,97.19,66.1,60.77,1,Wipro,6.93,2026
S1185,Civil,9.19,81.64,89.89,1,1,2,2,2,50.82,73.52,86.14,0,Not Placed,0.0,2026
S1186,Electronics,6.4,79.23,52.12,1,3,1,4,3,83.45,43.48,75.38,0,Not Placed,0.0,2025
S1187,Computer,8.21,81.86,93.26,1,2,5,0,7,88.73,81.78,86.91,1,Tech Mahindra,8.47,2025
S1188,Electronics,8.47,92.17,80.56,0,0,2,2,4,80.75,43.17,83.55,1,Tech Mahindra,4.62,2026
S1189,IT,7.56,80.24,78.41,2,1,1,1,7,76.42,89.03,68.94,0,Not Placed,0.0,2025
S1190,Mechanical,6.53,79.98,62.18,0,0,1,2,1,73.89,89.5,93.89,0,Not Placed,0.0,2024
S1191,Civil,6.06,97.6,61.2,0,1,3,0,2,91.66,54.22,79.68,0,Not Placed,0.0,2026
S1192,Computer,5.17,87.54,92.39,0,2,1,1,6,89.3,59.42,92.9,0,Not Placed,0.0,2025
S1193,Civil,6.52,74.02,63.42,4,2,4,3,6,47.34,68.88,76.24,0,Not Placed,0.0,2024
S1194,IT,8.27,85.42,84.9,0,0,5,2,4,90.92,75.8,99.39,1,Wipro,9.35,2026
S1195,Civil,9.69,71.74,67.69,1,3,2,2,4,64.84,57.24,90.82,1,Cognizant,9.97,2024
S1196,Computer,9.36,64.84,56.27,1,1,3,1,7,55.22,75.55,98.64,1,Deloitte,3.4,2024
S1197,IT,8.83,80.66,50.48,0,1,0,1,6,92.19,57.87,80.57,0,Not Placed,0.0,2025
S1198,Civil,8.94,94.91,74.49,0,1,3,1,6,65.92,43.33,78.95,0,Not Placed,0.0,2025
S1199,Mechanical,8.32,94.95,93.91,0,1,2,3,6,88.5,40.15,90.22,1,Capgemini,9.16,2026
S1200,IT,6.3,69.7,66.61,0,1,2,5,2,55.8,46.07,95.21,0,Not Placed,0.0,2026
S1201,IT,9.54,77.69,66.07,0,1,2,1,6,40.24,87.54,98.57,1,Wipro,6.74,2026
S1202,Mechanical,8.35,64.1,65.48,0,1,3,1,1,69.73,97.69,72.98,1,Infosys,7.97,2024
S1203,Electronics,7.8,97.81,73.42,2,0,2,3,6,46.01,65.62,91.95,0,Not Placed,0.0,2024
S1204,Computer,5.55,97.19,69.83,3,2,1,1,1,85.26,70.76,68.43,0,Not Placed,0.0,2026
S1205,Electronics,7.24,82.93,89.6,0,1,3,2,2,56.56,48.81,81.82,0,Not Placed,0.0,2026
S1206,Civil,7.3,89.59,72.75,0,0,3,1,4,66.62,73.06,67.19,1,TCS,4.9,2026
S1207,Mechanical,9.32,85.75,72.85,0,2,4,3,8,45.22,48.68,73.9,1,Accenture,4.81,2026
S1208,Electronics,7.73,80.51,56.23,1,3,1,2,1,57.2,76.67,97.25,1,Deloitte,11.0,2024
S1209,IT,6.9,57.29,94.22,1,3,4,3,2,86.89,96.0,65.84,1,Tech Mahindra,7.73,2025
S1210,Civil,9.88,74.55,61.25,0,1,3,3,8,49.1,51.74,85.3,1,TCS,8.2,2026
S1211,Civil,5.55,84.02,53.3,0,0,1,1,8,78.83,85.87,83.72,0,Not Placed,0.0,2026
S1212,Electronics,7.11,84.13,79.84,1,1,3,3,6,95.05,41.41,64.83,0,Not Placed,0.0,2024
S1213,Electronics,5.21,71.04,76.79,0,0,2,3,2,80.79,62.53,73.04,0,Not Placed,0.0,2025
S1214,Mechanical,8.7,95.49,68.68,0,3,5,1,8,88.66,46.64,82.52,1,Wipro,8.15,2024
S1215,Computer,9.59,62.2,69.0,0,0,1,0,6,46.54,61.15,67.49,0,Not Placed,0.0,2025
S1216,Electronics,6.4,76.52,85.33,0,0,3,0,7,55.04,50.41,92.02,0,Not Placed,0.0,2024
S1217,Electronics,9.29,84.71,58.81,0,1,2,2,2,93.67,62.4,98.89,1,Accenture,4.92,2026
S1218,IT,6.46,84.98,86.91,1,1,5,1,8,82.91,65.05,68.59,1,Accenture,5.92,2026
S1219,Civil,9.55,82.89,79.19,1,2,2,2,4,78.37,58.04,67.48,1,Infosys,9.06,2026
S1220,Computer,8.77,66.84,68.85,0,1,5,0,1,79.83,79.4,78.2,1,TCS,8.23,2026
S1221,IT,9.02,61.72,70.61,3,0,5,4,7,64.85,95.13,89.91,1,Cognizant,5.3,2024
S1222,Mechanical,5.09,82.35,61.55,0,0,2,1,4,42.67,64.04,71.26,0,Not Placed,0.0,2026
S1223,Mechanical,9.81,80.77,83.85,1,1,4,1,3,87.07,51.54,60.8,1,Wipro,11.13,2026
S1224,Electronics,8.63,62.71,73.08,0,0,5,2,6,80.72,56.24,81.65,1,Tech Mahindra,8.38,2026
S1225,Electronics,6.52,85.32,64.44,2,1,2,2,8,68.37,91.24,98.26,1,TCS,7.43,2026
S1226,Mechanical,9.15,74.57,76.82,2,1,2,1,1,93.99,74.3,75.65,0,Not Placed,0.0,2025
S1227,Electronics,6.41,83.71,94.81,0,2,3,1,4,60.17,67.3,76.81,1,TCS,10.77,2026
S1228,Computer,9.36,91.01,69.59,3,3,2,0,1,57.66,48.98,98.76,0,Not Placed,0.0,2025
S1229,Electronics,5.56,62.3,91.43,1,3,0,3,3,92.37,66.98,87.78,0,Not Placed,0.0,2025
S1230,Civil,8.52,55.82,65.53,1,3,2,3,5,87.82,56.71,88.77,1,Accenture,5.44,2024
S1231,Electronics,7.7,88.5,52.46,0,0,2,2,6,70.9,96.59,82.51,1,TCS,5.05,2024
S1232,IT,5.48,81.22,59.19,1,0,2,3,6,47.84,93.04,98.98,0,Not Placed,0.0,2024
S1233,Computer,6.21,85.08,68.84,2,0,1,3,2,52.9,45.03,87.55,0,Not Placed,0.0,2024
S1234,IT,5.06,91.04,59.88,0,2,4,0,8,79.37,71.0,95.8,0,Not Placed,0.0,2025
S1235,IT,7.34,89.52,50.01,3,3,4,5,6,63.1,53.5,87.98,1,Capgemini,7.4,2024
S1236,Civil,6.51,96.32,91.18,0,2,1,3,6,90.19,64.65,89.4,0,Not Placed,0.0,2024
S1237,Computer,7.99,78.05,87.97,0,0,3,1,4,97.0,92.61,71.62,1,Wipro,11.58,2026
S1238,Computer,6.49,76.01,83.4,0,3,3,0,7,88.34,71.65,72.14,1,Accenture,7.63,2026
S1239,Computer,6.5,72.28,57.55,0,1,5,0,6,62.65,60.05,91.32,0,Not Placed,0.0,2026
S1240,Computer,8.72,61.61,55.42,0,0,0,0,6,87.32,52.47,71.87,0,Not Placed,0.0,2026
S1241,Computer,5.24,79.62,53.04,0,1,2,3,8,61.09,88.02,82.51,0,Not Placed,0.0,2024
S1242,Civil,9.51,66.91,82.58,3,0,5,2,3,50.03,77.47,69.97,1,TCS,4.28,2024
S1243,Electronics,9.26,94.62,91.8,0,1,5,3,7,42.0,68.08,92.68,1,Accenture,6.14,2025
S1244,IT,8.34,80.08,69.37,0,0,4,3,3,63.14,53.05,64.42,1,Deloitte,9.44,2026
S1245,Computer,7.97,80.49,55.36,0,1,4,2,8,94.21,60.05,93.18,1,Tech Mahindra,5.61,2026
S1246,Electronics,9.46,70.26,73.06,0,1,1,2,1,54.34,97.59,84.11,1,Cognizant,7.29,2025
S1247,Electronics,5.93,57.24,65.7,3,2,3,0,1,52.39,71.21,67.48,0,Not Placed,0.0,2024
S1248,IT,5.39,56.36,66.87,1,1,2,1,6,98.19,64.04,81.68,0,Not Placed,0.0,2026
S1249,Civil,6.2,73.2,77.96,1,1,1,2,6,41.5,71.29,71.3,0,Not Placed,0.0,2025
S1250,Mechanical,8.97,58.64,82.34,0,2,4,0,2,87.15,86.74,72.94,0,Not Placed,0.0,2025
